# ************************************************************
# Sequel Pro SQL dump
# Version 4541
#
# http://www.sequelpro.com/
# https://github.com/sequelpro/sequelpro
#
# Host: 127.0.0.1 (MySQL 5.7.32)
# Database: dahliaseedlings
# Generation Time: 2021-01-03 04:58:23 +0000
# ************************************************************


/*!40101 SET @OLD_CHARACTER_SET_CLIENT=@@CHARACTER_SET_CLIENT */;
/*!40101 SET @OLD_CHARACTER_SET_RESULTS=@@CHARACTER_SET_RESULTS */;
/*!40101 SET @OLD_COLLATION_CONNECTION=@@COLLATION_CONNECTION */;
/*!40101 SET NAMES utf8 */;
/*!40014 SET @OLD_FOREIGN_KEY_CHECKS=@@FOREIGN_KEY_CHECKS, FOREIGN_KEY_CHECKS=0 */;
/*!40101 SET @OLD_SQL_MODE=@@SQL_MODE, SQL_MODE='NO_AUTO_VALUE_ON_ZERO' */;
/*!40111 SET @OLD_SQL_NOTES=@@SQL_NOTES, SQL_NOTES=0 */;


# Dump of table admins
# ------------------------------------------------------------

DROP TABLE IF EXISTS `admins`;

CREATE TABLE `admins` (
  `id` bigint(20) unsigned NOT NULL AUTO_INCREMENT,
  `name` varchar(191) COLLATE utf8mb4_unicode_ci NOT NULL,
  `email` varchar(191) COLLATE utf8mb4_unicode_ci NOT NULL,
  `email_verified_at` timestamp NULL DEFAULT NULL,
  `password` varchar(191) COLLATE utf8mb4_unicode_ci NOT NULL,
  `remember_token` varchar(100) COLLATE utf8mb4_unicode_ci DEFAULT NULL,
  `created_at` timestamp NULL DEFAULT NULL,
  `updated_at` timestamp NULL DEFAULT NULL,
  PRIMARY KEY (`id`),
  UNIQUE KEY `admins_email_unique` (`email`)
) ENGINE=InnoDB DEFAULT CHARSET=utf8mb4 COLLATE=utf8mb4_unicode_ci;

LOCK TABLES `admins` WRITE;
/*!40000 ALTER TABLE `admins` DISABLE KEYS */;

INSERT INTO `admins` (`id`, `name`, `email`, `email_verified_at`, `password`, `remember_token`, `created_at`, `updated_at`)
VALUES
	(1,'AdminMoe','admin1@gmail.com',NULL,'$2y$10$yPYcKtdxxo2CfINJd5tpdewQ6EpZZZQCF3LqUdqfJFPiCP.bvENju',NULL,'2020-12-27 06:44:41','2020-12-27 06:44:41');

/*!40000 ALTER TABLE `admins` ENABLE KEYS */;
UNLOCK TABLES;


# Dump of table categories
# ------------------------------------------------------------

DROP TABLE IF EXISTS `categories`;

CREATE TABLE `categories` (
  `id` bigint(20) unsigned NOT NULL AUTO_INCREMENT,
  `name` varchar(191) COLLATE utf8mb4_unicode_ci NOT NULL,
  `slug` varchar(191) COLLATE utf8mb4_unicode_ci NOT NULL,
  `description` text COLLATE utf8mb4_unicode_ci,
  `parent_id` bigint(20) unsigned DEFAULT '1',
  `featured` tinyint(1) NOT NULL DEFAULT '1',
  `menu` tinyint(1) NOT NULL DEFAULT '1',
  `created_at` timestamp NULL DEFAULT NULL,
  `updated_at` timestamp NULL DEFAULT NULL,
  PRIMARY KEY (`id`),
  UNIQUE KEY `categories_slug_unique` (`slug`)
) ENGINE=InnoDB DEFAULT CHARSET=utf8mb4 COLLATE=utf8mb4_unicode_ci;

LOCK TABLES `categories` WRITE;
/*!40000 ALTER TABLE `categories` DISABLE KEYS */;

INSERT INTO `categories` (`id`, `name`, `slug`, `description`, `parent_id`, `featured`, `menu`, `created_at`, `updated_at`)
VALUES
	(1,'Root','root','This is the root category, don\'t delete this one',NULL,1,0,'2020-12-27 06:44:41','2020-12-27 06:44:41'),
	(2,'ပျိုးပင်မျိုးစုံ','pyaopinmyaoson','This is the root category for all',1,1,1,'2020-12-27 06:44:41','2020-12-27 06:44:41'),
	(3,'သက်တမ်းတိုပန်းပျိုးပင်များ','thettantopanpyaopinmyaa','This is the root category for shortterm',1,1,1,'2020-12-27 06:44:41','2020-12-27 06:44:41'),
	(4,'သက်တမ်းရှည်ပန်းပျိုးပင်များ','thettanyahipanpyaopinmyaa','This is the root category for longterm',1,1,1,'2020-12-27 06:44:41','2020-12-27 06:44:41'),
	(5,'အရိပ်ရပျိုးပင်များ','ayaeikyapyaopinmyaa','This is the root category for home',1,1,1,'2020-12-27 06:44:42','2020-12-27 06:44:42'),
	(6,'သီးပင်စားပင်ပျိုးပင်များ','thipinsapinpyaopinmyaa','This is the root category for home',1,1,1,'2020-12-27 06:44:42','2020-12-27 06:44:42'),
	(7,'သစ်ခွပျိုးပင်များ','thitkhwpyaopinmyaa','This is the root category for home',1,1,1,'2020-12-27 06:44:42','2020-12-27 06:44:42'),
	(8,'သဇင်ဥနှင့်ပျိုးပင်များ','thzinnhinpyaopinmyaa','This is the root category for home',1,1,1,'2020-12-27 06:44:42','2020-12-27 06:44:42');

/*!40000 ALTER TABLE `categories` ENABLE KEYS */;
UNLOCK TABLES;


# Dump of table failed_jobs
# ------------------------------------------------------------

DROP TABLE IF EXISTS `failed_jobs`;

CREATE TABLE `failed_jobs` (
  `id` bigint(20) unsigned NOT NULL AUTO_INCREMENT,
  `connection` text COLLATE utf8mb4_unicode_ci NOT NULL,
  `queue` text COLLATE utf8mb4_unicode_ci NOT NULL,
  `payload` longtext COLLATE utf8mb4_unicode_ci NOT NULL,
  `exception` longtext COLLATE utf8mb4_unicode_ci NOT NULL,
  `failed_at` timestamp NOT NULL DEFAULT CURRENT_TIMESTAMP,
  PRIMARY KEY (`id`)
) ENGINE=InnoDB DEFAULT CHARSET=utf8mb4 COLLATE=utf8mb4_unicode_ci;



# Dump of table migrations
# ------------------------------------------------------------

DROP TABLE IF EXISTS `migrations`;

CREATE TABLE `migrations` (
  `id` int(10) unsigned NOT NULL AUTO_INCREMENT,
  `migration` varchar(191) COLLATE utf8mb4_unicode_ci NOT NULL,
  `batch` int(11) NOT NULL,
  PRIMARY KEY (`id`)
) ENGINE=InnoDB DEFAULT CHARSET=utf8mb4 COLLATE=utf8mb4_unicode_ci;

LOCK TABLES `migrations` WRITE;
/*!40000 ALTER TABLE `migrations` DISABLE KEYS */;

INSERT INTO `migrations` (`id`, `migration`, `batch`)
VALUES
	(1,'2014_10_12_000000_create_users_table',1),
	(2,'2014_10_12_100000_create_password_resets_table',1),
	(3,'2019_08_19_000000_create_failed_jobs_table',1),
	(4,'2020_08_12_063021_create_admins_table',1),
	(5,'2020_08_13_083840_create_categories_table',1),
	(6,'2020_10_14_075947_create_types_table',1),
	(7,'2020_10_14_081828_create_seedlings_table',1),
	(8,'2020_10_14_083925_create_seedling_images_table',1),
	(9,'2020_10_14_084001_create_seedling_categories_table',1),
	(10,'2020_10_14_091403_create_orders_table',1),
	(11,'2020_10_14_091440_create_order_items_table',1);

/*!40000 ALTER TABLE `migrations` ENABLE KEYS */;
UNLOCK TABLES;


# Dump of table order_items
# ------------------------------------------------------------

DROP TABLE IF EXISTS `order_items`;

CREATE TABLE `order_items` (
  `id` bigint(20) unsigned NOT NULL AUTO_INCREMENT,
  `order_id` bigint(20) unsigned NOT NULL,
  `seedling_id` bigint(20) unsigned NOT NULL,
  `quantity` int(10) unsigned NOT NULL,
  `price` decimal(20,6) NOT NULL,
  `created_at` timestamp NULL DEFAULT NULL,
  `updated_at` timestamp NULL DEFAULT NULL,
  PRIMARY KEY (`id`),
  KEY `order_items_order_id_index` (`order_id`),
  KEY `order_items_seedling_id_index` (`seedling_id`),
  CONSTRAINT `order_items_order_id_foreign` FOREIGN KEY (`order_id`) REFERENCES `orders` (`id`) ON DELETE CASCADE,
  CONSTRAINT `order_items_seedling_id_foreign` FOREIGN KEY (`seedling_id`) REFERENCES `seedlings` (`id`) ON DELETE CASCADE
) ENGINE=InnoDB DEFAULT CHARSET=utf8mb4 COLLATE=utf8mb4_unicode_ci;



# Dump of table orders
# ------------------------------------------------------------

DROP TABLE IF EXISTS `orders`;

CREATE TABLE `orders` (
  `id` bigint(20) unsigned NOT NULL AUTO_INCREMENT,
  `order_number` varchar(191) COLLATE utf8mb4_unicode_ci NOT NULL,
  `user_id` bigint(20) unsigned NOT NULL,
  `status` enum('pending','processing','completed','decline') COLLATE utf8mb4_unicode_ci NOT NULL DEFAULT 'pending',
  `grand_total` decimal(20,6) NOT NULL,
  `payment_status` tinyint(1) NOT NULL DEFAULT '1',
  `first_name` varchar(191) COLLATE utf8mb4_unicode_ci NOT NULL,
  `last_name` varchar(191) COLLATE utf8mb4_unicode_ci NOT NULL,
  `address` text COLLATE utf8mb4_unicode_ci NOT NULL,
  `city` varchar(191) COLLATE utf8mb4_unicode_ci NOT NULL,
  `country` varchar(191) COLLATE utf8mb4_unicode_ci NOT NULL,
  `phone_number` varchar(191) COLLATE utf8mb4_unicode_ci NOT NULL,
  `notes` text COLLATE utf8mb4_unicode_ci,
  `created_at` timestamp NULL DEFAULT NULL,
  `updated_at` timestamp NULL DEFAULT NULL,
  PRIMARY KEY (`id`),
  UNIQUE KEY `orders_order_number_unique` (`order_number`),
  KEY `orders_user_id_foreign` (`user_id`),
  CONSTRAINT `orders_user_id_foreign` FOREIGN KEY (`user_id`) REFERENCES `users` (`id`)
) ENGINE=InnoDB DEFAULT CHARSET=utf8mb4 COLLATE=utf8mb4_unicode_ci;



# Dump of table password_resets
# ------------------------------------------------------------

DROP TABLE IF EXISTS `password_resets`;

CREATE TABLE `password_resets` (
  `email` varchar(191) COLLATE utf8mb4_unicode_ci NOT NULL,
  `token` varchar(191) COLLATE utf8mb4_unicode_ci NOT NULL,
  `created_at` timestamp NULL DEFAULT NULL,
  KEY `password_resets_email_index` (`email`)
) ENGINE=InnoDB DEFAULT CHARSET=utf8mb4 COLLATE=utf8mb4_unicode_ci;



# Dump of table seedling_categories
# ------------------------------------------------------------

DROP TABLE IF EXISTS `seedling_categories`;

CREATE TABLE `seedling_categories` (
  `id` bigint(20) unsigned NOT NULL AUTO_INCREMENT,
  `category_id` bigint(20) unsigned NOT NULL,
  `seedling_id` bigint(20) unsigned NOT NULL,
  PRIMARY KEY (`id`),
  KEY `seedling_categories_category_id_foreign` (`category_id`),
  KEY `seedling_categories_seedling_id_foreign` (`seedling_id`),
  CONSTRAINT `seedling_categories_category_id_foreign` FOREIGN KEY (`category_id`) REFERENCES `categories` (`id`) ON DELETE CASCADE,
  CONSTRAINT `seedling_categories_seedling_id_foreign` FOREIGN KEY (`seedling_id`) REFERENCES `seedlings` (`id`) ON DELETE CASCADE
) ENGINE=InnoDB DEFAULT CHARSET=utf8mb4 COLLATE=utf8mb4_unicode_ci;

LOCK TABLES `seedling_categories` WRITE;
/*!40000 ALTER TABLE `seedling_categories` DISABLE KEYS */;

INSERT INTO `seedling_categories` (`id`, `category_id`, `seedling_id`)
VALUES
	(1,2,1),
	(2,2,2),
	(3,2,3),
	(4,2,4),
	(5,2,5),
	(6,2,6),
	(7,2,7),
	(8,2,8),
	(9,2,9),
	(10,2,10),
	(11,2,11),
	(12,2,12),
	(13,2,13),
	(14,2,14),
	(15,2,15),
	(16,2,16),
	(17,2,17),
	(18,2,18),
	(19,2,19),
	(20,2,20),
	(21,2,21),
	(22,2,22),
	(23,2,23),
	(24,2,24),
	(25,2,25),
	(26,2,26),
	(27,2,27),
	(28,2,28),
	(29,2,29),
	(30,2,30),
	(31,2,31),
	(32,2,32),
	(33,2,33),
	(34,2,34),
	(35,3,1),
	(36,3,2),
	(37,3,3),
	(38,3,4),
	(39,3,5),
	(40,3,6),
	(41,3,7),
	(42,3,8),
	(43,4,9),
	(44,4,10),
	(45,4,11),
	(46,4,12),
	(47,4,13),
	(48,4,14),
	(49,4,15),
	(50,4,16),
	(51,7,17),
	(52,7,18),
	(53,7,19),
	(54,7,20),
	(55,7,21),
	(56,7,22),
	(57,7,23),
	(58,7,24),
	(59,8,25),
	(60,8,26),
	(61,5,27),
	(62,5,28),
	(63,5,29),
	(64,5,30),
	(65,6,31),
	(66,6,32),
	(67,6,33),
	(68,6,34);

/*!40000 ALTER TABLE `seedling_categories` ENABLE KEYS */;
UNLOCK TABLES;


# Dump of table seedling_images
# ------------------------------------------------------------

DROP TABLE IF EXISTS `seedling_images`;

CREATE TABLE `seedling_images` (
  `id` bigint(20) unsigned NOT NULL AUTO_INCREMENT,
  `seedling_id` bigint(20) unsigned NOT NULL,
  `thumbnail` varchar(191) COLLATE utf8mb4_unicode_ci DEFAULT NULL,
  `full` varchar(191) COLLATE utf8mb4_unicode_ci DEFAULT NULL,
  `created_at` timestamp NULL DEFAULT NULL,
  `updated_at` timestamp NULL DEFAULT NULL,
  PRIMARY KEY (`id`),
  KEY `seedling_images_seedling_id_foreign` (`seedling_id`),
  CONSTRAINT `seedling_images_seedling_id_foreign` FOREIGN KEY (`seedling_id`) REFERENCES `seedlings` (`id`) ON DELETE CASCADE
) ENGINE=InnoDB DEFAULT CHARSET=utf8mb4 COLLATE=utf8mb4_unicode_ci;

LOCK TABLES `seedling_images` WRITE;
/*!40000 ALTER TABLE `seedling_images` DISABLE KEYS */;

INSERT INTO `seedling_images` (`id`, `seedling_id`, `thumbnail`, `full`, `created_at`, `updated_at`)
VALUES
	(1,1,'dahlia1.jpg','dahlia1.jpg','2020-12-27 06:44:45','2020-12-27 06:44:45'),
	(2,2,'kyat1.jpg','kyat1.jpg','2020-12-27 06:44:45','2020-12-27 06:44:45'),
	(3,3,'zawmwar1.jpg','zawmwar1.jpg','2020-12-27 06:44:45','2020-12-27 06:44:45'),
	(4,4,'thayet.jpg','thayet.jpg','2020-12-27 06:44:45','2020-12-27 06:44:45'),
	(5,5,'htettayar1.jpg','htettayar1.jpg','2020-12-27 06:44:45','2020-12-27 06:44:45'),
	(6,6,'kyarmouse1.webp','kyarmouse1.webp','2020-12-27 06:44:45','2020-12-27 06:44:45'),
	(7,7,'seinchae1.jpg','seinchae1.jpg','2020-12-27 06:44:45','2020-12-27 06:44:45'),
	(8,8,'yathla1.jpg','yathla1.jpg','2020-12-27 06:44:45','2020-12-27 06:44:45'),
	(9,9,'khaungyan1.webp','khaungyan1.webp','2020-12-27 06:44:46','2020-12-27 06:44:46'),
	(10,10,'ponena1.webp','ponena1.webp','2020-12-27 06:44:46','2020-12-27 06:44:46'),
	(11,11,'nwetharki1.jpg','nwetharki1.jpg','2020-12-27 06:44:46','2020-12-27 06:44:46'),
	(12,12,'jasmine1.jpg','jasmine1.jpg','2020-12-27 06:44:46','2020-12-27 06:44:46'),
	(13,13,'tharaphee1.jpg','tharaphee1.jpg','2020-12-27 06:44:46','2020-12-27 06:44:46'),
	(14,14,'sakawar1.jpg','sakawar1.jpg','2020-12-27 06:44:46','2020-12-27 06:44:46'),
	(15,15,'yuzana1.jpg','yuzana1.jpg','2020-12-27 06:44:46','2020-12-27 06:44:46'),
	(16,16,'kankaw1.jpg','kankaw1.jpg','2020-12-27 06:44:46','2020-12-27 06:44:46'),
	(17,17,'orchid1.jpg','orchid1.jpg','2020-12-27 06:44:46','2020-12-27 06:44:46'),
	(18,18,'orchid2.jpg','orchid2.jpg','2020-12-27 06:44:46','2020-12-27 06:44:46'),
	(19,19,'orchid3.jpg','orchid3.jpg','2020-12-27 06:44:46','2020-12-27 06:44:46'),
	(20,20,'orchid4.jpg','orchid4.jpg','2020-12-27 06:44:46','2020-12-27 06:44:46'),
	(21,21,'orchid5.jpg','orchid5.jpg','2020-12-27 06:44:46','2020-12-27 06:44:46'),
	(22,22,'orchid6.jpg','orchid6.jpg','2020-12-27 06:44:46','2020-12-27 06:44:46'),
	(23,23,'orchid7.jpg','orchid7.jpg','2020-12-27 06:44:47','2020-12-27 06:44:47'),
	(24,24,'orchid9.jpg','orchid9.jpg','2020-12-27 06:44:47','2020-12-27 06:44:47'),
	(25,25,'thazin1.jpg','thazin1.jpg','2020-12-27 06:44:47','2020-12-27 06:44:47'),
	(26,26,'thazin3.jpg','thazin3.jpg','2020-12-27 06:44:47','2020-12-27 06:44:47'),
	(27,27,'magyi1.jpg','magyi1.jpg','2020-12-27 06:44:48','2020-12-27 06:44:48'),
	(28,28,'tamar1.jpg','tamar1.jpg','2020-12-27 06:44:48','2020-12-27 06:44:48'),
	(29,29,'kayay1.jpg','kayay1.jpg','2020-12-27 06:44:48','2020-12-27 06:44:48'),
	(30,30,'mazali1.jpg','mazali1.jpg','2020-12-27 06:44:48','2020-12-27 06:44:48'),
	(31,31,'awza1.jpg','awza1.jpg','2020-12-27 06:44:48','2020-12-27 06:44:48'),
	(32,32,'thalae1.webp','thalae1.webp','2020-12-27 06:44:48','2020-12-27 06:44:48'),
	(33,33,'mango1.jpg','mango1.jpg','2020-12-27 06:44:48','2020-12-27 06:44:48'),
	(34,34,'coconut1.jpg','coconut1.jpg','2020-12-27 06:44:48','2020-12-27 06:44:48');

/*!40000 ALTER TABLE `seedling_images` ENABLE KEYS */;
UNLOCK TABLES;


# Dump of table seedlings
# ------------------------------------------------------------

DROP TABLE IF EXISTS `seedlings`;

CREATE TABLE `seedlings` (
  `id` bigint(20) unsigned NOT NULL AUTO_INCREMENT,
  `type_id` bigint(20) unsigned NOT NULL,
  `myan_name` varchar(191) COLLATE utf8mb4_unicode_ci NOT NULL,
  `eng_name` varchar(191) COLLATE utf8mb4_unicode_ci NOT NULL,
  `botany_name` varchar(191) COLLATE utf8mb4_unicode_ci NOT NULL,
  `race` varchar(191) COLLATE utf8mb4_unicode_ci NOT NULL,
  `duration` varchar(191) COLLATE utf8mb4_unicode_ci NOT NULL,
  `slug` varchar(191) COLLATE utf8mb4_unicode_ci NOT NULL,
  `origin` varchar(191) COLLATE utf8mb4_unicode_ci NOT NULL,
  `cultivate` text COLLATE utf8mb4_unicode_ci,
  `soil` text COLLATE utf8mb4_unicode_ci,
  `grow` text COLLATE utf8mb4_unicode_ci,
  `medicine` text COLLATE utf8mb4_unicode_ci,
  `cultivateTitle` varchar(191) COLLATE utf8mb4_unicode_ci NOT NULL,
  `soilTitle` varchar(191) COLLATE utf8mb4_unicode_ci NOT NULL,
  `growTitle` varchar(191) COLLATE utf8mb4_unicode_ci NOT NULL,
  `medicineTitle` varchar(191) COLLATE utf8mb4_unicode_ci NOT NULL,
  `quantity` int(10) unsigned NOT NULL,
  `weight` decimal(8,2) DEFAULT NULL,
  `price` decimal(8,2) DEFAULT NULL,
  `sale_price` decimal(8,2) DEFAULT NULL,
  `status` tinyint(1) NOT NULL DEFAULT '1',
  `featured` tinyint(1) NOT NULL DEFAULT '0',
  `created_at` timestamp NULL DEFAULT NULL,
  `updated_at` timestamp NULL DEFAULT NULL,
  PRIMARY KEY (`id`),
  KEY `seedlings_type_id_foreign` (`type_id`),
  CONSTRAINT `seedlings_type_id_foreign` FOREIGN KEY (`type_id`) REFERENCES `types` (`id`) ON DELETE CASCADE
) ENGINE=InnoDB DEFAULT CHARSET=utf8mb4 COLLATE=utf8mb4_unicode_ci;

LOCK TABLES `seedlings` WRITE;
/*!40000 ALTER TABLE `seedlings` DISABLE KEYS */;

INSERT INTO `seedlings` (`id`, `type_id`, `myan_name`, `eng_name`, `botany_name`, `race`, `duration`, `slug`, `origin`, `cultivate`, `soil`, `grow`, `medicine`, `cultivateTitle`, `soilTitle`, `growTitle`, `medicineTitle`, `quantity`, `weight`, `price`, `sale_price`, `status`, `featured`, `created_at`, `updated_at`)
VALUES
	(1,1,'ဒေလီယာပန်း','Dahlia','Dahlia pinnata','COMPOSITAE (ASTERACEAE)','၁ လခွဲသား','dahlia','မက္ကဆီကို အမေရိကအလယ်ပိုင်းဒေသ','သမအေးပိုင်းဒေသများတွင် ပို၍ ဖြစ်ထွန်းပါသည်။ မြန်မာပြည်အတွင်း ရှမ်းပြည်နယ်နှင့် ပြင်ဦးလွင်တို့၌ အများဆုံး စိုက်ပျိုးပါသည်။ မိုးရေချိန်များသော ဒေသများတွင်လည်း ကောင်းစွာ ဖြစ်ထွန်းပါသည်။','မိုးရေချိန်လက်မ ၅၀ မှ ၇၀ လက်မ အတွင်း ကောင်းစွာ ဖြစ်ထွန်းပါသည်။ မြေနီ၊ မြေနက်များတွင် စိုက်ပျိုးသည်။ မြေစေးလွန်းလျှင် အပွင့်နည်းလွန်းပြီး အလှပါ။ မိုးရေချိန်နည်းလျှင် ရေအနည်းငယ် ပုံမှန်လောင်းပေးရန် လိုအပ်ပါသည်။','အပင်ပေါက်၍ ပင်စည် ၁ ပေလောက် အမြင့်တွင် အပင်၏ခြေရင်း၌ မြေဖို့ ပေးရန်လိုအပ်သည်။ အပွင့်များ ကြီးမားစေရန်အတွက် တစ်ခါတစ်ရံ အရွက်များကို ခြွေချပေးခြင်းများ ပြုလုပ်ပေးရပါသည်။','','စိုက်ပျိုးသည့်ဒေသ','ရေမြေရာသီဥတု','စိုက်ပျိုးပြုစုနည်း','ဆေးဝါးအသုံးပြုပုံ',15,3.12,4300.00,4000.00,1,1,'2020-12-27 06:44:42','2020-12-27 06:44:42'),
	(2,1,'ကြက်မောက်ပန်း','Cock\'s comb','ကြက်မောက်ဖွား၊ ကြက်မောက်လုံး','AMARANTHACEAE','၁ လသား','comb','အမေရိကန်','မြန်မာပြည် မြေပြန့်ဒေသတွင် တစ်နှစ်လုံး စိုက်ပျိုးသည်။ အအေးဒဏ်မခံနိုင်သဖြင့် မြေမြင့်ဒေသတွင် စိုက်ပျိုးမှုနည်းပါးသည်။ မြေပြန့်ဒေသတွင် မိုးဦး၊ မိုးနှောင်းတွင် အများအပြားစိုက်ပျိုးကြသည်။','မိုးရာသီတွင် ပင်ခြေ၌ ရေမဝပ်စေရန် သတိပြုရမည်။ ဆောင်းရာသီနှင့် နွေရာသီတွင် စိုက်ပါက ရေမှန်မှန်လောင်းပေးပါ။','ဓာတ်မြေဩဇာကျွေးသည့်အချိန်များတွင် မူလထက်ပို၍ ရေရွှဲရွှဲလောင်းပေးပါ။ မြေဆွပေးခြင်းကို အချိန်မှန်လုပ်ပေးပါ။ သဘာဝမြေဩဇာကျွေးခြင်း (သို့မဟုတ်) ဓာတ်မြေဩဇာကျွေးခြင်းနှင့် တွဲဖက်၍ ပေါင်းသင်မြေဆွပေးခြင်းသည် အကောင်းဆုံးနည်းဖြစ်ပါသည်။','','စိုက်ပျိုးသည့်ဒေသ','ရေမြေရာသီဥတု','စိုက်ပျိုးပြုစုနည်း','ဆေးဝါးအသုံးပြုပုံ',0,3.12,5500.00,5000.00,1,1,'2020-12-27 06:44:42','2020-12-27 06:44:42'),
	(3,1,'ဇော်မွှားပန်း','Sweet William','Dianthus caryophyllus L','COMPOSITAE (ASTERACEAE)','၁ လသား','sweet','စပိန်နှင့် ပြင်သစ်ပြည်ကြားရှိ Pyromows တောင်တန်း','မြန်မာပြည်တွင် မြေပြန့်ဒေသ၌ ဆောင်းရာသီတွင် စိုက်ပျိုးပြီး တောင်ပေါ်ဒေသများ၌ မိုးရာသီမှလွဲ၍ နွေရာသီနှင့် ဆောင်းရာသီတွင် စိုက်ပျိုးကြပါသည်။','အပူပိုင်း၊ အပူသမနှင့် သမပိုင်းရာသီဥတုကို ကြိုက်နှစ်သက်သည်။ အထူးသဖြင့် ဆောင်းရာသီတွင် ပိုမိုဖြစ်ထွန်းသည်။ ရေမဝပ်သည့်မြေမှလွဲ၍ မည်သည့်မြေမျိုးတွင်မဆို စိုက်ပျိုးနိုင်သည်။','သဘာဝမြေဆွေးကို မြေဩဇာအဖြစ် အသုံးပြု၍ ကျွေးနိုင်ပါသည်။ ရေမှန်မှန်လောင်းပေးခြင်း၊ ပေါင်းသင်မြေဆွပေးခြင်းကို လိုအပ်သလို ပြုလုပ်ပေးရမည်။ ကျရောက်တတ်သော ပိုးမွှားများမှာ ပျပိုး၊ ပင့်ကူနီပိုးနှင့် ရွက်စားပိုးများ ကျရောက်တတ်သည်။ ပင်စည်ခြောက်ရောဂါ ကျရောက်တတ်၍ ကျရောက်လာပါက ပင်စည်ကို နှုတ်၍ ဖယ်ရှားရမည်။','','စိုက်ပျိုးသည့်ဒေသ','ရေမြေရာသီဥတု','စိုက်ပျိုးပြုစုနည်း','ဆေးဝါးအသုံးပြုပုံ',10,3.12,4300.00,4000.00,1,1,'2020-12-27 06:44:42','2020-12-27 06:44:42'),
	(4,1,'သရက်ထည်ပန်း','Phlox','Phlox-drummondii HK','POLEMONIACEAE','၁ လသား','phlox','အမေရိကန် တက်ဆက်ပြည်နယ်','မြန်မာပြည်တွင် မြေပြန့်ဒေသ၌ ဆောင်းရာသီတွင် စိုက်ပျိုးသည်။ တောင်ပေါ်ဒေသတွင် မိုးရာသီမှလွဲ၍ နွေရာသီနှင့် ဆောင်းရာသီတွင် စိုက်ပျိုးကြသည်။','ရေမဝပ်ပါက မြေမျိုးမရွေး စိုက်ပျိုးနိုင်သည်။ သမပိုင်းရာသီဥတုမျိုး၌ ဖြစ်ထွန်းသည်။ အပူပိုင်းဒေသ ဆောင်းရာသီ၌သာ စိုက်ပျိုးဖြစ်ထွန်းသည်။ နေ့စဥ် ရေပန်းခရားဖြင့် ရေလောင်းပေးရန် လိုအပ်ပါသည်။ မြေဩဇာကျွေးပေးရန် လိုအပ်ပါသည်။','မြေဩဇာထည့်ပေးပါက အပွင့် ပိုမိုကောင်းမွန်ပြီး အပွင့်လှပါသည်။ ရေခရားဖြင့် ရေမှန်မှန်လောင်းပေးခြင်း၊ ပေါင်းသင်မြေဆွပေးခြင်းကို လိုအပ်သလို ပြုလုပ်ပေးရမည်။ မြေကို ပွ၍ ညက်နေသည့်တိုင် မြေဆွပေးရမည်။','','စိုက်ပျိုးသည့်ဒေသ','ရေမြေရာသီဥတု','စိုက်ပျိုးပြုစုနည်း','ဆေးဝါးအသုံးပြုပုံ',5,3.12,4500.00,4300.00,1,1,'2020-12-27 06:44:43','2020-12-27 06:44:43'),
	(5,1,'ထပ်တစ်ရာပန််း','French Marigold','Tagetes patula','COMPOSITAE (ASTERACEAE)','၁ လသား','gold','မက္ကစီကို','မြန်မာပြည်တွင် အနှံ့အပြား၌ စိုက်သည်။ အထူးသဖြင့် အထက်မြန်မာပြည်နှင့် ရှမ်းပြည်နယ်တွင် အများအပြား စိုက်ပျိုးကြသည်။','မိုးနည်းသောအရပ်ဒေသများတွင် ပိုမို ဖြစ်ထွန်းပါသည်။ မြေဩဇာအနည်းငယ် ကျွေးရန် လိုအပ်ပါသည်။ မြေဩဇာများလွန်းလျှင် အရွက်များ အားကောင်းကာ အပွင့်နည်းသွားတတ်ပါသည်။','မိုးရာသီတွင် ရေလောင်းပေးရန် မလိုအပ်ပေ။ ဆောင်းတွင်းတွင် နေ့စဥ် ပုံမှန် ရေလောင်းပေးရန် လိုအပ်ပါသည်။ အပွင့်များ ပွင့်လာသောအခါ တတ်နိုင်သမျှ ရေကို အပင်မထိစေဘဲ ဂရုစိုက်၍ လောင်းပေးရပါသည်။','','စိုက်ပျိုးသည့်ဒေသ','ရေမြေရာသီဥတု','စိုက်ပျိုးပြုစုနည်း','ဆေးဝါးအသုံးပြုပုံ',1,3.12,3200.00,3000.00,1,1,'2020-12-27 06:44:43','2020-12-27 06:44:43'),
	(6,1,'ကျားပါးစပ်ပန်း','Snapdragon','Antirrhinum mafus L','SCROPHULARIA - CEAE','၂ လသား','dragon','မြောက်အမေရိကတိုက်','မြေပြန့်ဒေသ၌လည်း စိုက်ပျိုးနိုင်သည်။ တောင်ပေါ်ဒေသများကဲ့သို့ အပင်သန်စွမ်းမှု ရှိမည်မဟုတ်ဘဲ အပင်များ ငယ်မည်ဖြစ်သည်။ အအေးကြိုက်သော ပန်းဖြစ်သည်။ မြန်မာနိုင်ငံတွင် ဒေသမရွေး စိုက်ပျိုးနိုင်သည်။','မြေမရွေး စိုက်ပျိုးနိုင်သည်။ မြေဩဇာအနည်းငယ် ကျွေးပေးရန် လိုအပ်သည်။ အပင်ငယ်စဥ်၌သာ အအေးကြိုက်ပြီး ကြီးပြင်းလာပါက အတော်အသင့် အပူဒဏ်ကို ခံနိုင်ရည်ရှိသည်။ ','ရေကို နေ့စဥ် ပုံမှန် ဂရုတစိုက် လောင်းပေးရန် လိုအပ်ပါသည်။ ရေများသွားပါက အပင်ရိနာရောဂါ ကျရောက်တတ်သဖြင့် လိုအပ်သည့် ရေပမာဏကိုသာ နေ့စဥ် လောင်းပေးရန် လိုအပ်ပါသည်။','','စိုက်ပျိုးသည့်ဒေသ','ရေမြေရာသီဥတု','စိုက်ပျိုးပြုစုနည်း','ဆေးဝါးအသုံးပြုပုံ',11,3.12,4700.00,4500.00,1,1,'2020-12-27 06:44:43','2020-12-27 06:44:43'),
	(7,1,'စိန်ခြယ်ပန်း','Golden corcopsis','Coreopsis tinctoria Nutt','COMPOSITAE (ASTERACEAE)','၁ လသား','corco','မြောက်အမေရိကတိုက်','မြန်မာပြည်အနှံ့အပြား စိုက်ပျိုးကြသည်။ တောင်ပေါ်ဒေသတွင် နွေ၊ မိုး၊ ဆောင်း စိုက်ပြီး မြေပြန့်ဒေသများ၌ မိုးရာသီနှင့် ဆောင်းရာသီ၌သာ စိုက်ပျိုးနိုင်သည်။ နွေရာသီတွင်လည်း ရေသွင်းစိုက်ပျိုးနိုင်သည်။','စိုက်ပျိုးသည့်မြေအမျိုးအစားမှာ သဲဆန်လွန်းသည့် မြေမှ လွဲ၍ မြေမရွေး စိုက်ပျိုးနိုင်သည်။ ရေဝပ်ဒဏ်ကို မခံနိုင်ပေ။ အပူပိုင်းနှင့် အပူသမပိုင်း စိုက်ပင်ဖြစ်သည်။ ရေငတ်ဒဏ်နှင့် အပူဒဏ်ကို ခံနိုင်သော အပင် ဖြစ်သည်။','ပေါင်းသင်ပေးခြင်း ပုံမှန်လုပ်ပေးရန် လိုအပ်ပါသည်။ သဘာဝမြေဩဇာကျွေးးပေးရန် လိုအပ်ပါသည်။ ရေပန်းခရားနှင့် နေ့စဥ် ရေအနည်းငယ် လောင်းပေးပါက ကောင်းစွာ ရှင်သန်ဖြစ်ထွန်းပါသည်။','','စိုက်ပျိုးသည့်ဒေသ','ရေမြေရာသီဥတု','စိုက်ပျိုးပြုစုနည်း','ဆေးဝါးအသုံးပြုပုံ',8,3.12,3700.00,3500.00,1,1,'2020-12-27 06:44:43','2020-12-27 06:44:43'),
	(8,1,'ရွက်လှပျော့','Golden croton','Cadiam variegatum blume','EUPHORBIACEAE','၂ လသား','croton','အာဖရိက အလယ်ပိုင်းနှင့် အရှေ့အိန္ဒိယ ကျွန်းစုများ','မြန်မာနိုင်ငံအနှံ့အပြားတွင် စိုက်ပျိုးဖြစ်ထွန်းသည်။ အထူးသဖြင့် အပူပိုင်းဒေသနှင့် အောက်ပိုင်းဒေသများတွင် စိုက်ပျိုးဖြစ်ထွန်းသည်။','ရေမဝပ်သော မြေ၊ အစိုဓာတ်ရသောမြေတွင် ဖြစ်ထွန်းသည်။ ရေအမြဲရသောနေရာတွင် အမြစ်စွဲပါက နေရောင်ခြည် ရသောနေရာတွင် အရွက်ပိုမိုတောက်ပ၍ ပ်ိုမိုလှပပါသည်။','သဘာဝမြေဆွေးကို အပင်အခြေ၌ ပုံပေးရပါသည်။ အမြင့် ၄ ပေမှ ၆ ပေ အထိရှိ၍ အပင်အမြင့်ခံ စိုက်လေ့မရှိပါ။ အများဆုံး ၃ ပေခန့် အရှည်ထား၍ ထိပ်ဖျားကို ဖြတ်တောက်ပြုပြင်ပေးရန် လိုအပ်ပါသည်။','','စိုက်ပျိုးသည့်ဒေသ','ရေမြေရာသီဥတု','စိုက်ပျိုးပြုစုနည်း','ဆေးဝါးအသုံးပြုပုံ',5,3.12,3300.00,3000.00,1,1,'2020-12-27 06:44:43','2020-12-27 06:44:43'),
	(9,2,'ခေါင်ရမ်းပန်း','Hibiscus','Hibiscus Rosa Sinensis L.','MALVACEAE','၁ နှစ်သား','hibi','တရုတ်ပြည်သူ့သမ္မတနိုင်ငံ','မြန်မာနိုင်ငံအနှံ့အပြားတွင် စိုက်ပျိုးနိုင်သည်။ မိုးများဒေသများတွင် ပိုမိုဖြစ်ထွန်းပါသည်။','အပူသမပိုင်းဒေသနှင့် အပူပိုင်းဒေသများတွင် သဘာဝပေါက်ပင် ဖြစ်သည်။ အပွင့်ပွင့်ရန် နေရောင်လိုအပ်သည်။ အပင်ငယ်စဥ်တွင် ရေပုံမှန်လောင်းပေးရန် လိုအပ်သည်။','ရေဝပ်ဒဏ်မခံနိုင်ပေ။ နွေဦးကာလ၌ မြေအစိုဓာတ်ရရှိရန် ပင်ခြေတွင် မြက်ခြောက်များ အုပ်ပေးရသည်။ မိုးဦး မေလနှင့် မိုးနှောင်း အောက်တိုဘာလများတွင် ကိုင်းဖြတ်၊ ကိုင်းညှပ် ပုံသွင်းပေးပါ။ ၂ နှစ်သားအထိ ရေသေချာလောင်းပေးရန် လိုအပ်ပါသည်။','','စိုက်ပျိုးသည့်ဒေသ','ရေမြေရာသီဥတု','စိုက်ပျိုးပြုစုနည်း','ဆေးဝါးအသုံးပြုပုံ',5,3.12,6700.00,6500.00,1,1,'2020-12-27 06:44:43','2020-12-27 06:44:43'),
	(10,2,'ပုဏ္ဏရိတ်ပန်း','Ixora','Ixora collinea','RUBIACEAE','၁ နှစ်သား','ixora','တရုတ်ပြည်','မြန်မာပြည်အနှံ့ပေါက်ရောက်သည်။ ပူအိုက်စွတ်စို အပူပိုင်းဒေသ၊ အပူသမပိုင်းဒသများ ဖြစ်ထွန်း၍ ပူနွေးစွတ်စိုမှု ကြိုက်သည်။ အမြင့်ပေ ၃၀၀၀ထိ ပေါက်နိုင်သည်။','မိုးရေချိန် ၃၀ လက်မ မှ လက်မ ၂၀၀ထိ ပေါက်ရောက်နိုင်သည်။ ရေငတ်ဒဏ်၊ အကြမ်းဒဏ်ခံနိုင်သည်။ မိုးရာသီစိုက်လျှင် ရေပုံမှန် လောင်းပေးရန် လိုအပ်ပါသည်။','အပင်သက်တမ်း ၃နှစ်ထိ နွေရာသီတွင် ရေပုံမှန်လောင်းပေးရန် လိုအပ်သည်။ ရေမဝပ်ရန် ဂရုပြုပါ။ မိုးရာသီ ရေမဝပ်စေရန် မြေဖို့ပေးပါ။ အပွင့်များ လှိုင်လှိုင်ပွင့်နေပါမည်။ မိုးဦးတစ်ကြိမ်၊ မိုးနှောင်းတစ်ကြိမ် အပင်ကိုင်းဖြတ် ပုံသွင်းပြုပြင်ပေးပါက ကောင်းစွာ ဖြစ်ထွန်းပါသည်။ နွေရာသီတွင် ပန်းများ ဝေဝေဆာဆာပွင့်နိုင်သည်။','','စိုက်ပျိုးသည့်ဒေသ','ရေမြေရာသီဥတု','စိုက်ပျိုးပြုစုနည်း','ဆေးဝါးအသုံးပြုပုံ',9,3.12,4600.00,4500.00,1,1,'2020-12-27 06:44:43','2020-12-27 06:44:43'),
	(11,2,'နွယ်သာကီပန်း','Oleander','Nerium Oleandor L.','APOCYNACEAE','၆ လသား','olean','အပူပိုင်းဒေသ၊ မြေထဲပင်လယ်ဒေသ','မြန်မာနိုင်ငံ အနှံ့အပြားတွင် စိုက်ပျိုးဖြစ်ထွန်းသည်။ အပူပိုင်းဒေသနှင့် အပူသမပိုင်းဒေသများတွင် ပိုမိုဖြစ်ထွန်းပါသည်။ မြေမရွေးစိုက်ပျိုးနိုင်သည်။','အပင်ငယ်စဥ်၌သာ ရေပုံမှန် လောင်းပေးရန် လိုအပ်ပါသည်။ မိုးတွင်းစိုက်လျှင် ရေလောင်းပေးရန် မလိုပေ။ ရေဝပ်မှုဒဏ် မခံနိုင်ပေ။ ရေမဝပ်စေရန် အပင်ခြေရင်းတွင် မြေဖို့ပေးရန်လိုအပ်ပါသည်။','နွေရာသီတွင် စိုက်ပျိုးပါက ရေပန်းခရားဖြင့် ရေအနည်းငယ် နေ့စဥ် ပုံမှန် စိုက်ပျိုးရန် လိုအပ်ပါသည်။ ပေါင်းသင်ခြင်း၊ မြေဆွပေးခြင်းများ ပြုလုပ်ပေးရန် လိုအပ်ပါသည်။','နွယ်သာကီအမြစ်သည် ခါးသောသတ္တိ ရှိသည်။ အားကို ဖြစ်စေသည်ဲ။ ကာမကို အားပေးသည်။ အလွန်အဆိပ်များသော မြွေဆိပ်နှင့် အခြားပြင်းသော အဆိပ်ကို နိုင်သည်။ နူနာ၊ ပွေးနာ၊ နာကျင်ကိုက်ခဲခြင်းကို ပျောက်စေသည်။','စိုက်ပျိုးသည့်ဒေသ','ရေမြေရာသီဥတု','စိုက်ပျိုးပြုစုနည်း','ဆေးဝါးအသုံးပြုပုံ',20,3.12,5000.00,4500.00,1,1,'2020-12-27 06:44:43','2020-12-27 06:44:43'),
	(12,2,'စံပယ်ပန်း','Jasmine','Jasminum arborescens','OLEACEAE','၆ လသား','jasmine','အိန္ဒိယနိုင်ငံ','အပူပိုင်းဒေသများ၌သာ ဖြစ်ထွန်း၍ အာရှတိုက် တောင်ပိုင်းရှိ တိုင်းပြည်များ၌ အများဆုံး စိုက်ပျိုးသည်။ မြန်မာပြည်၌ ရန်ကုန်ဒေသတွင် စိုက်ကြသည်။','ပူအိုက်စိုစွတ်သော ရာသီဥတုကို ကြိုက်ပြီး ဆောင်းရာသီနှင့် နွေရာသီတွင် လှိုင်လှိုင်ပွင့်ရန် လိုအပ်ပါသည်။ မြေမရွေး စိုက်ပျိုးဖြစ်ထွန်းသည်။ အကြမ်းခံပင် ဖြစ်သည်။ နုန်းဆန်သော မြေတွင် အထူးကောင်းမွန်ပြီး လေဝင်လေထွက်ကောင်း၍ ရေမဝပ်သည့်မြေ၊ မြေဆီအခံရှိသော မြေများတွင် ပိုမိုဖြစ်ထွန်းပါသည်။','မြေဩဇာကျွေးခြင်းကို တစ်နှစ်လျှင် နှစ်ကြိမ် ပြုလုပ်ပေးရသည်။ မိုးဦး ဇွန်၊ ဇူလိုင်တွင် တစ်ကြိမ်ကျွေးပြီး မိုးနှောင်း စက်တင်ဘာ၊ အောက်တိုဘာ တစ်ကြိမ်ကျွေးပေးရသည်။ မြေဩဇာကျွေးခြင်းနှင့်အတူ ပေါင်းသင်မြေဆွပေးရသည်။ ဆောင်းဦးဝင်စချိန်တွင် ကိုင်းများဖြတ်တောက် ပြုပြင်ပေးပါက အပွင့်များစွာ ဖူးပွင့်ကြသည်။','','စိုက်ပျိုးသည့်ဒေသ','ရေမြေရာသီဥတု','စိုက်ပျိုးပြုစုနည်း','ဆေးဝါးအသုံးပြုပုံ',0,3.12,4700.00,4500.00,1,1,'2020-12-27 06:44:43','2020-12-27 06:44:43'),
	(13,2,'သရဖီပန်း','Calophyllum','Calophyllum amoenum wall','GUTTIFERAE','၂ နှစ်သား','calophy','အပူပိုင်းဒေသ အာရှနိုင်ငံများ','မြန်မာနိုင်ငံ အနှံ့အပြားတွင် တွေ့ရသည်။ ပူအိုက်စွတ်စိုပြီး ပင်လယ်နှင့် နီးသော ဒေသာမျိုးတွင် ဖြစ်ထွန့်သည်။ အမြဲစိမ်းလန်းသစ်တော ပေါက်ပင်ဖြစ်သည်။ အမြင့်ပေ ၃၀၀၀ထိ ပေါက်ရောက်နိုင်သည်။','ပူအိုက်စွတ်စိုသော ရာသီဥတုကို ကြိုက်နှစ်သက်သည်။ မြေမရွေး စိုက်ပျိုးဖြစ်ထွန်းသည်။ ','အပင်တစ်နှစ်သားမှ ငါးနှစ်သားအထိ တစ်နှစ်လျှင် နှစ်ကြိမ် မြေဩဇာကျွေးရန် လိုအပ်ပါသည်။ အပင်သက်တမ်း သုံးနှစ်အထိ အုန်းလက်ဖြင့် ယာယီအရိပ် ပြုလုပ်ပေးရမည်။ သုံးနှစ်သားမှစ၍ နှစ်စဥ် မိုးဦးကျချိန်တွင် ကိုင်းပို ညှပ်ပေးခြင်း၊ ကိုင်းဟောင်းရှင်းခြင်းများ ပြုလုပ်ပေးရန် လိုအပ်ပါသည်။','အပွင့်ခြောက်၊ အမြစ်နှင့် အခေါက်တို့ကို မူးဝေခြင်း၊ သွေးဆေးဖော်စပ်ရန် အသုံးပြုသည်။ အသီးမှ အဆီထုတ်ယူ၍ မီးထွန်းအဆီနှင့် အသားလှဆေးများ ပြုလုပ်ရာတွင် အသုံးပြုုကြသည်။ ထို့အပြင် အပင်မှလည်း ကော်ဆေးထုတ်လုပ်နိုင်သည်။','စိုက်ပျိုးသည့်ဒေသ','ရေမြေရာသီဥတု','စိုက်ပျိုးပြုစုနည်း','ဆေးဝါးအသုံးပြုပုံ',10,3.12,5700.00,5500.00,1,1,'2020-12-27 06:44:43','2020-12-27 06:44:43'),
	(14,2,'စကားဝါပန်း','Golden Chamka','Michelia Champaca Linn','MAGNOLIACEAE','၂ နှစ်သား','chamka','မလေးရှားကျွန်းဆွယ်ဒေသ','မြန်မာပြည်အနှံ့အပြား စိုက်ပျိုးနိုင်သည်။ အပူပိုင်းဒေသနှင့် အပူသမပိုင်းဒေသများတွင် ပိုမိုစိုက်ပျိုးဖြစ်ထွန်းပါသည်။','ပူအိုက်စွတ်စိုသော ရာသီကြိုက်ပင်ဖြစ်သည်။ မြေနေရာမရွေး စိုက်ပျိုးနိုင်သည်။ ရေဝပ်ဒဏ်မခံနိုင်ပေ။ ','မြေဩဇာကျွေးခြင်းကို တစ်နှစ်လျှင် နှစ်ကြိမ် ပြုလုပ်ပေးသင့်ပါသည်။ နှစ်နှစ်သားအထိ တစ်ပတ်လျှင် တစ်ကြိမ် ရေပေးသင့်ပါသည်။ အပင်ကြီးလာပါက ရေပေးရန် မလိုပါ။ မိုးရာသီ၌ အပင်ခြေရင်းတွင် ရေမဝပ်စေရန် ဂရုစိုက်ရမည်။ ဧပြီလနှင့် မေလများတွင် လှိုင်လှိုင်ပွင့်သည်။ ဝါခေါင်လနှင့် တော်သလင်းလများတွင် အသီးစတင်ရရှိနိုင်သည်။','အပွင့်၊ အသီး၊ အရွက်၊ အခေါက်၊ အမြစ်အားလုံးသည် အေးသောဂုဏ်သတ္တိရှိပြီး သုတ်ကို ပွားစေသည်။ နှလုံးကို အကျိုးပြုသည်။ သလိပ်ကို နိုင်စေသည်။ သွေးအန်၊ သွေးကျ၊ ဆီးအောင့်၊ နူနာ၊ အဆိပ်နှင့် ယားနာခြင်း၊ အနာစိမ်းပေါက်ခြင်းတို့ကို ပျောက်စေသည်။','စိုက်ပျိုးသည့်ဒေသ','ရေမြေရာသီဥတု','စိုက်ပျိုးပြုစုနည်း','ဆေးဝါးအသုံးပြုပုံ',13,3.12,6600.00,6500.00,1,1,'2020-12-27 06:44:43','2020-12-27 06:44:43'),
	(15,2,'ယုဇနပန်း','Chinese Box','Murraya Peniculata (L)','RUTACEAE','၁ နှစ်သား','box','အိန္ဒိယ၊ တရုတ်ပြည်နှင့် ဩစတြေးလျ','အများအားဖြင့် မြန်မာပြည်အောက်ပိုင်းတွင် စိုက်ပျိုးသည်။ မြန်မာပြည်အထက်ပိုင်းနှင့် အောက်ပိုင်း၊ အပူသမပိုင်းဒေသများတွင် ပေါက်ရောက်သည်။ အရိပ်လုံးဝမခံနိုင်ဘဲ နေရောင်ခြည်ကို ကြိုက်နှစ်သက်သည်။ မိုးအခါ ပန်းများပွင့်သည်။ မြေမရွေးပြုပြင်စိုက်ပျိုးနိုင်သည်။','မြေမရွေးစိုက်ပျိုးနိုင်သည်။ မိုးဦးမေလတွင် တစ်ကြိမ်၊ အောက်တိုဘာလတွင် တစ်ကြိမ်၊ နှစ်ကြိမ်ခွဲ၍ ဓာတ်မြေဩဇာများ ကျွေးပေးရမည်။','နှစ်စဥ် နိုဝင်ဘာလတွင် ပင်ခြေပေါင်းမြက် ရှင်းလင်းပြီးသောအခါ မြက်ခြောက်အုပ်၍ အစိုဓာတ်ထိန်းပေးပါ။ ကိုင်းပု၊ ကိုင်းခြောက်များအား မိုးဦးတွင် ရှင်းလင်းပေးရသည်။ ရေလောင်းပေးခြင်းနှင့် ရေသွယ်မြောင်း ပြုလုပ်၍ အပင်ရင်း၏ ပတ်ပတ်လည်တွင် ဘောင်ပြုလုပ်ပေးကာ နွေရာသီတွင် ရေသွင်းရေလောင်းပေးခြင်း ပြုလုပ်ရသည်။ စတင်စိုက်ပျိုးသည့်နှစ်မှ သုံးနှစ်သားအထိ ရေပေးပါက အပင် ပိုမိုဖြစ်ထွန်းမှုမြန်၍ အပွင့်လည်း လျင်မြန်စွာ ပွင့်နိုင်သည်။ ကိုင်းခြောက်ရာဂါကျရောက်တတ်ပါသည်။ ကျရောက်ပါက ကိုင်းဖြတ်မီးရှို့၍ ကာကွယ်နိုင်သည်။','','စိုက်ပျိုးသည့်ဒေသ','ရေမြေရာသီဥတု','စိုက်ပျိုးပြုစုနည်း','ဆေးဝါးအသုံးပြုပုံ',5,5.12,8700.00,8500.00,1,1,'2020-12-27 06:44:43','2020-12-27 06:44:43'),
	(16,2,'ကံ့ကော်ပန်း','Cobra\'s saffron','Mesua Ferrea Linn','GUTTIFERAE','၂ နှစ်ခွဲသား','cobra','အိန္ဒိယ၊ သီဟိုဠ်၊ မလေးရှား','မြန်မာပြည်တွင် မျိုးစုတစ်စု(ကံ့ကော်ဖြူ)နှင့် မျိုးစိတ်တစ်စိတ်(ကံ့ကော်နီ) တွေ့ရသည်။ မြန်မာနိုင်ငံ အနှံ့အပြားတွင် စိုက်ပျိုးနိုင်သည်။','ပူအိုက်စွတ်စိုသော ရာသီဥတုကို ကြိုက်နှစ်သက်ပြီး မြေအမျိုးအစားမရွေး ပေါက်ရောက်သည်။ ','တစ်နှစ်သားအရွယ် ကံ့ကော်ပင်လေးများအား နွေရာသီတွင် ယာယီအရိပ်ပြုလုပ်ပေးရသည်။ နှစ်နှစ်သားအရွယ်မှစ၍ ကိုင်းပိုများ၊ ကိုင်းညှပ်များကို လိုအပ်သလို ဖြတ်တောက်ပြုပြင်ပေးရသည်။ အပင်ခြေရင်းမှ မြေအစိုဓာတ် ထိန်းနိုင်ရန် မြက်ခြောက်များ အုပ်ခြင်းကို နှစ်စဥ်နိုဝင်ဘာလတွင် ပုံမှန်ပြုလုပ်ပေးရမည်။ ပန်းပွင့်ချိန်မှာ ဖေဖော်ဝါရီလနှင့် မတ်လများတွင် လှိုင်လှိုင်ဖူးပွင့်ပြီး အသီးများသည် ဇွန်လနှင့် ဇူလိုင်လများမှ ရင့်မှည့်ကြသည်။','အပင်သည် ခါးသည်။ ပူသည်။ လေ၊ သည်းခြေ၊ သလိပ်တို့ကို နိုင်သည်။ နှင်းခူ၊ ဝဲ၊ ယားနာများ၊ နှလုံးရောဂါ၊ အဆိပ်အတောက်မိခြင်း အစရှိသည်တို့ကို ပျောက်ကင်းစေသည်။ အပွင့်ခြောက်၊ အသီး၊ အမြစ်နှင့် အခေါက်တို့သည် ချွေးထွက်စေသည်။ သီးခွံနှင့် အပွင့်ခြောက်တို့သည် အစာကြေစေသည်။ အားကြွစေသည်။ အပွင့်များကို ထောပတ်နှင့် သကြား ရောစပ်၍ ကြိတ်ပြီးလျှင် ခြေထောက်များ အပူလောင်ခြင်းနှင့် ကုလားမြင်းသရိုက် ရောဂါအတွက် အသုံးပြုနိုင်သည်။ အရွက်နှင့် အပွင့်များသည် မြွေအဆိပ်ကို ပြေစေသည်။ အဖူးများကို ဖျော်ရည်ပြုလုပ်၍ ဝမ်းကိုက်ရောဂါအတွက် အသုံးပြုသည်။ ပွင့်ခြောက်များကို ရေငတ်ခြင်း၊ အစာအိိမ်ထဲမှ ယားယံနာကျင်ခြင်း၊ အစား၊အအိပ်ပျက်ခြင်း၊ ချွေးထွက်လွန်ခြင်း၊ ချောင်းဆိုးခြင်းတို့အတွက် အသုံးပြုသည်။ အခေါက်နှင့် အမြစ်ပြုတ်ရည် သို့မဟုတ် စိမ်ရည်သည် အားတိုးစေသည်။ အစာအိမ်ရောဂါနှင့် လည်ချောင်းနာများအတွက်အသုံးပြုသည်။','စိုက်ပျိုးသည့်ဒေသ','ရေမြေရာသီဥတု','စိုက်ပျိုးပြုစုနည်း','ဆေးဝါးအသုံးပြုပုံ',10,5.12,9000.00,8500.00,1,1,'2020-12-27 06:44:43','2020-12-27 06:44:43'),
	(17,5,'Lenavat','V.Kasem\'s Delight','Vanda Lenavat','VANDAS','၆ လသား','lenavat','အရှေ့တောင်အာရှ','သစ်ခွများသည် မြေပေါက်သစ်ခွ၊ သစ်ပင်ကပ်ပေါက်သော သစ်ခွ၊ ကျောက်တောင်ကြားပေါက်သစ်ခွများဟူ၍ သဘာဝအလျောက် ပေါက်ရောက်ကြပါသည်။ အရှေ့တောင်အာရှနိုင်ငံများတွင် အများဆုံးစိုက်ပျိုးကြသည်။ မြန်မာနိုင်ငံအနှံ့အပြားတွင်လည်း စိုက်ပျိုးကြသည်။','သစ်သားခြင်းနှင့်သာ စိုက်ပျိုးပေးပါ။ မီးသွေးများ ထည့်ပေးနိုင်ပါသည်။ အလင်းရောင် ၈၅% ရရှိရန် လိုအပ်ပါသည်။ လေဝင်လေထွက်ကောင်းရမည်။ စိုထိုင်းဆရှိသော ပတ်ဝန်းကျင်အနေအထားတွင် ထားရှိသင့်သည်။ နေရောင်ရရှိသော အခြေအနေဖြစ်ရမည်။ ရေအမျိုးအစားကောင်းရမည်။ နေ့စဥ်ပုံမှန် ရေပန်းခရား၊ Spray ဗူးဖြင့်သာ ရေးလောင်းပေးရမည်။ ','မြေဩဇာပေးရာ၌ နံနက်ပိုင်းတွင် မြေဩဇာကို ရေတွင်ဖျော်၍ ပတ်ဖျန်းပေးရပါသည်။ မှိုရောဂါများကျရောက်တတ်ပါသည်။ မှိုရောဂါကာကွယ်ဆေးများဖြစ်ကြသော (၁)ကိုဆိုဒ်(Kocide), (၂)လဘီလိုက်(Labilite), (၃)ရီဒိုမေးလ်(Ridomil), (၄)ဒါကိုနေးလ်(Daconil), (၅)ဘရာဗိုလ်(Brabo), (၆)မန်ကိုဇက်(Mancozeb), (၇)ကက်ပ်တန်း(Capton), (၈)အန်ထရာကိုး(Antracol)နှင့် (၉)ရိုဗရယ်(Rovral) များထဲမှ ဆေးနှစ်မျိုး အနည်းဆုံး တစ်လှည့်စီ ပက်ဖျန်းပေးရပါမည်။ အမြစ်ပုတ်ခြင်းများ ဖြစ်ပေါ်ပါက အမြစ်ဖြတ်တောက်ပေးရပါမည်။ အပင်၏ပန်းပွင့်ပြီးကာလနောက်ပိုင်းတွင် အပင်ရွှေ့ခြင်း၊ အိုးသစ်လဲခြင်းတို့ကို ဆောင်ရွက်သင့်ပါသည်။ မိုးတွင်းကာလ၌ မလုပ်ဆောင်သင့်ပေ။','','စိုက်ပျိုးသည့်ဒေသ','ရေမြေရာသီဥတု','စိုက်ပျိုးပြုစုနည်း','ဆေးဝါးအသုံးပြုပုံ',5,3.15,6700.00,6500.00,1,1,'2020-12-27 06:44:44','2020-12-27 06:44:44'),
	(18,5,'Pimsai','V.Pimsai','Vanda Pimsai','VANDAS','၆ လသား','pimsai','အရှေ့တောင်အာရှ','သစ်ခွများသည် မြေပေါက်သစ်ခွ၊ သစ်ပင်ကပ်ပေါက်သော သစ်ခွ၊ ကျောက်တောင်ကြားပေါက်သစ်ခွများဟူ၍ သဘာဝအလျောက် ပေါက်ရောက်ကြပါသည်။ အရှေ့တောင်အာရှနိုင်ငံများတွင် အများဆုံးစိုက်ပျိုးကြသည်။ မြန်မာနိုင်ငံအနှံ့အပြားတွင်လည်း စိုက်ပျိုးကြသည်။','သစ်သားခြင်းနှင့်သာ စိုက်ပျိုးပေးပါ။ မီးသွေးများ ထည့်ပေးနိုင်ပါသည်။ အလင်းရောင် ၈၅% ရရှိရန် လိုအပ်ပါသည်။ လေဝင်လေထွက်ကောင်းရမည်။ စိုထိုင်းဆရှိသော ပတ်ဝန်းကျင်အနေအထားတွင် ထားရှိသင့်သည်။ နေရောင်ရရှိသော အခြေအနေဖြစ်ရမည်။ ရေအမျိုးအစားကောင်းရမည်။ နေ့စဥ်ပုံမှန် ရေပန်းခရား၊ Spray ဗူးဖြင့်သာ ရေးလောင်းပေးရမည်။ ','မြေဩဇာပေးရာ၌ နံနက်ပိုင်းတွင် မြေဩဇာကို ရေတွင်ဖျော်၍ ပတ်ဖျန်းပေးရပါသည်။ မှိုရောဂါများကျရောက်တတ်ပါသည်။ မှိုရောဂါကာကွယ်ဆေးများဖြစ်ကြသော (၁)ကိုဆိုဒ်(Kocide), (၂)လဘီလိုက်(Labilite), (၃)ရီဒိုမေးလ်(Ridomil), (၄)ဒါကိုနေးလ်(Daconil), (၅)ဘရာဗိုလ်(Brabo), (၆)မန်ကိုဇက်(Mancozeb), (၇)ကက်ပ်တန်း(Capton), (၈)အန်ထရာကိုး(Antracol)နှင့် (၉)ရိုဗရယ်(Rovral) များထဲမှ ဆေးနှစ်မျိုး အနည်းဆုံး တစ်လှည့်စီ ပက်ဖျန်းပေးရပါမည်။ အမြစ်ပုတ်ခြင်းများ ဖြစ်ပေါ်ပါက အမြစ်ဖြတ်တောက်ပေးရပါမည်။ အပင်၏ပန်းပွင့်ပြီးကာလနောက်ပိုင်းတွင် အပင်ရွှေ့ခြင်း၊ အိုးသစ်လဲခြင်းတို့ကို ဆောင်ရွက်သင့်ပါသည်။ မိုးတွင်းကာလ၌ မလုပ်ဆောင်သင့်ပေ။','','စိုက်ပျိုးသည့်ဒေသ','ရေမြေရာသီဥတု','စိုက်ပျိုးပြုစုနည်း','ဆေးဝါးအသုံးပြုပုံ',7,3.15,5600.00,5500.00,1,1,'2020-12-27 06:44:44','2020-12-27 06:44:44'),
	(19,5,'Bhimayothin','V.Lenavat','Vanda Bhimayothin','VANDAS','၆ လသား','bhimayothin','အရှေ့တောင်အာရှ','သစ်ခွများသည် မြေပေါက်သစ်ခွ၊ သစ်ပင်ကပ်ပေါက်သော သစ်ခွ၊ ကျောက်တောင်ကြားပေါက်သစ်ခွများဟူ၍ သဘာဝအလျောက် ပေါက်ရောက်ကြပါသည်။ အရှေ့တောင်အာရှနိုင်ငံများတွင် အများဆုံးစိုက်ပျိုးကြသည်။ မြန်မာနိုင်ငံအနှံ့အပြားတွင်လည်း စိုက်ပျိုးကြသည်။','သစ်သားခြင်းနှင့်သာ စိုက်ပျိုးပေးပါ။ မီးသွေးများ ထည့်ပေးနိုင်ပါသည်။ အလင်းရောင် ၈၅% ရရှိရန် လိုအပ်ပါသည်။ လေဝင်လေထွက်ကောင်းရမည်။ စိုထိုင်းဆရှိသော ပတ်ဝန်းကျင်အနေအထားတွင် ထားရှိသင့်သည်။ နေရောင်ရရှိသော အခြေအနေဖြစ်ရမည်။ ရေအမျိုးအစားကောင်းရမည်။ နေ့စဥ်ပုံမှန် ရေပန်းခရား၊ Spray ဗူးဖြင့်သာ ရေးလောင်းပေးရမည်။ ','မြေဩဇာပေးရာ၌ နံနက်ပိုင်းတွင် မြေဩဇာကို ရေတွင်ဖျော်၍ ပတ်ဖျန်းပေးရပါသည်။ မှိုရောဂါများကျရောက်တတ်ပါသည်။ မှိုရောဂါကာကွယ်ဆေးများဖြစ်ကြသော (၁)ကိုဆိုဒ်(Kocide), (၂)လဘီလိုက်(Labilite), (၃)ရီဒိုမေးလ်(Ridomil), (၄)ဒါကိုနေးလ်(Daconil), (၅)ဘရာဗိုလ်(Brabo), (၆)မန်ကိုဇက်(Mancozeb), (၇)ကက်ပ်တန်း(Capton), (၈)အန်ထရာကိုး(Antracol)နှင့် (၉)ရိုဗရယ်(Rovral) များထဲမှ ဆေးနှစ်မျိုး အနည်းဆုံး တစ်လှည့်စီ ပက်ဖျန်းပေးရပါမည်။ အမြစ်ပုတ်ခြင်းများ ဖြစ်ပေါ်ပါက အမြစ်ဖြတ်တောက်ပေးရပါမည်။ အပင်၏ပန်းပွင့်ပြီးကာလနောက်ပိုင်းတွင် အပင်ရွှေ့ခြင်း၊ အိုးသစ်လဲခြင်းတို့ကို ဆောင်ရွက်သင့်ပါသည်။ မိုးတွင်းကာလ၌ မလုပ်ဆောင်သင့်ပေ။','','စိုက်ပျိုးသည့်ဒေသ','ရေမြေရာသီဥတု','စိုက်ပျိုးပြုစုနည်း','ဆေးဝါးအသုံးပြုပုံ',10,3.15,4600.00,4500.00,1,1,'2020-12-27 06:44:44','2020-12-27 06:44:44'),
	(20,5,'Sanderiana','V.Snaderiana','Vanda Snaderiana','VANDAS','၆ လသား','snaderiana','အရှေ့တောင်အာရှ','သစ်ခွများသည် မြေပေါက်သစ်ခွ၊ သစ်ပင်ကပ်ပေါက်သော သစ်ခွ၊ ကျောက်တောင်ကြားပေါက်သစ်ခွများဟူ၍ သဘာဝအလျောက် ပေါက်ရောက်ကြပါသည်။ အရှေ့တောင်အာရှနိုင်ငံများတွင် အများဆုံးစိုက်ပျိုးကြသည်။ မြန်မာနိုင်ငံအနှံ့အပြားတွင်လည်း စိုက်ပျိုးကြသည်။','သစ်သားခြင်းနှင့်သာ စိုက်ပျိုးပေးပါ။ မီးသွေးများ ထည့်ပေးနိုင်ပါသည်။ အလင်းရောင် ၈၅% ရရှိရန် လိုအပ်ပါသည်။ လေဝင်လေထွက်ကောင်းရမည်။ စိုထိုင်းဆရှိသော ပတ်ဝန်းကျင်အနေအထားတွင် ထားရှိသင့်သည်။ နေရောင်ရရှိသော အခြေအနေဖြစ်ရမည်။ ရေအမျိုးအစားကောင်းရမည်။ နေ့စဥ်ပုံမှန် ရေပန်းခရား၊ Spray ဗူးဖြင့်သာ ရေးလောင်းပေးရမည်။ ','မြေဩဇာပေးရာ၌ နံနက်ပိုင်းတွင် မြေဩဇာကို ရေတွင်ဖျော်၍ ပတ်ဖျန်းပေးရပါသည်။ မှိုရောဂါများကျရောက်တတ်ပါသည်။ မှိုရောဂါကာကွယ်ဆေးများဖြစ်ကြသော (၁)ကိုဆိုဒ်(Kocide), (၂)လဘီလိုက်(Labilite), (၃)ရီဒိုမေးလ်(Ridomil), (၄)ဒါကိုနေးလ်(Daconil), (၅)ဘရာဗိုလ်(Brabo), (၆)မန်ကိုဇက်(Mancozeb), (၇)ကက်ပ်တန်း(Capton), (၈)အန်ထရာကိုး(Antracol)နှင့် (၉)ရိုဗရယ်(Rovral) များထဲမှ ဆေးနှစ်မျိုး အနည်းဆုံး တစ်လှည့်စီ ပက်ဖျန်းပေးရပါမည်။ အမြစ်ပုတ်ခြင်းများ ဖြစ်ပေါ်ပါက အမြစ်ဖြတ်တောက်ပေးရပါမည်။ အပင်၏ပန်းပွင့်ပြီးကာလနောက်ပိုင်းတွင် အပင်ရွှေ့ခြင်း၊ အိုးသစ်လဲခြင်းတို့ကို ဆောင်ရွက်သင့်ပါသည်။ မိုးတွင်းကာလ၌ မလုပ်ဆောင်သင့်ပေ။','','စိုက်ပျိုးသည့်ဒေသ','ရေမြေရာသီဥတု','စိုက်ပျိုးပြုစုနည်း','ဆေးဝါးအသုံးပြုပုံ',10,3.15,5700.00,5500.00,1,1,'2020-12-27 06:44:44','2020-12-27 06:44:44'),
	(21,5,'Udom Gold','V.Udom Gold','Vanda Udom Gold','VANDAS','၆ လသား','udom','အရှေ့တောင်အာရှ','သစ်ခွများသည် မြေပေါက်သစ်ခွ၊ သစ်ပင်ကပ်ပေါက်သော သစ်ခွ၊ ကျောက်တောင်ကြားပေါက်သစ်ခွများဟူ၍ သဘာဝအလျောက် ပေါက်ရောက်ကြပါသည်။ အရှေ့တောင်အာရှနိုင်ငံများတွင် အများဆုံးစိုက်ပျိုးကြသည်။ မြန်မာနိုင်ငံအနှံ့အပြားတွင်လည်း စိုက်ပျိုးကြသည်။','သစ်သားခြင်းနှင့်သာ စိုက်ပျိုးပေးပါ။ မီးသွေးများ ထည့်ပေးနိုင်ပါသည်။ အလင်းရောင် ၈၅% ရရှိရန် လိုအပ်ပါသည်။ လေဝင်လေထွက်ကောင်းရမည်။ စိုထိုင်းဆရှိသော ပတ်ဝန်းကျင်အနေအထားတွင် ထားရှိသင့်သည်။ နေရောင်ရရှိသော အခြေအနေဖြစ်ရမည်။ ရေအမျိုးအစားကောင်းရမည်။ နေ့စဥ်ပုံမှန် ရေပန်းခရား၊ Spray ဗူးဖြင့်သာ ရေးလောင်းပေးရမည်။ ','မြေဩဇာပေးရာ၌ နံနက်ပိုင်းတွင် မြေဩဇာကို ရေတွင်ဖျော်၍ ပတ်ဖျန်းပေးရပါသည်။ မှိုရောဂါများကျရောက်တတ်ပါသည်။ မှိုရောဂါကာကွယ်ဆေးများဖြစ်ကြသော (၁)ကိုဆိုဒ်(Kocide), (၂)လဘီလိုက်(Labilite), (၃)ရီဒိုမေးလ်(Ridomil), (၄)ဒါကိုနေးလ်(Daconil), (၅)ဘရာဗိုလ်(Brabo), (၆)မန်ကိုဇက်(Mancozeb), (၇)ကက်ပ်တန်း(Capton), (၈)အန်ထရာကိုး(Antracol)နှင့် (၉)ရိုဗရယ်(Rovral) များထဲမှ ဆေးနှစ်မျိုး အနည်းဆုံး တစ်လှည့်စီ ပက်ဖျန်းပေးရပါမည်။ အမြစ်ပုတ်ခြင်းများ ဖြစ်ပေါ်ပါက အမြစ်ဖြတ်တောက်ပေးရပါမည်။ အပင်၏ပန်းပွင့်ပြီးကာလနောက်ပိုင်းတွင် အပင်ရွှေ့ခြင်း၊ အိုးသစ်လဲခြင်းတို့ကို ဆောင်ရွက်သင့်ပါသည်။ မိုးတွင်းကာလ၌ မလုပ်ဆောင်သင့်ပေ။','','စိုက်ပျိုးသည့်ဒေသ','ရေမြေရာသီဥတု','စိုက်ပျိုးပြုစုနည်း','ဆေးဝါးအသုံးပြုပုံ',8,3.15,5600.00,5500.00,1,1,'2020-12-27 06:44:44','2020-12-27 06:44:44'),
	(22,5,'Pissamai','V.Rasri Gold','Vanda Rasri Gold','VANDAS','၆ လသား','pissamai','အရှေ့တောင်အာရှ','သစ်ခွများသည် မြေပေါက်သစ်ခွ၊ သစ်ပင်ကပ်ပေါက်သော သစ်ခွ၊ ကျောက်တောင်ကြားပေါက်သစ်ခွများဟူ၍ သဘာဝအလျောက် ပေါက်ရောက်ကြပါသည်။ အရှေ့တောင်အာရှနိုင်ငံများတွင် အများဆုံးစိုက်ပျိုးကြသည်။ မြန်မာနိုင်ငံအနှံ့အပြားတွင်လည်း စိုက်ပျိုးကြသည်။','သစ်သားခြင်းနှင့်သာ စိုက်ပျိုးပေးပါ။ မီးသွေးများ ထည့်ပေးနိုင်ပါသည်။ အလင်းရောင် ၈၅% ရရှိရန် လိုအပ်ပါသည်။ လေဝင်လေထွက်ကောင်းရမည်။ စိုထိုင်းဆရှိသော ပတ်ဝန်းကျင်အနေအထားတွင် ထားရှိသင့်သည်။ နေရောင်ရရှိသော အခြေအနေဖြစ်ရမည်။ ရေအမျိုးအစားကောင်းရမည်။ နေ့စဥ်ပုံမှန် ရေပန်းခရား၊ Spray ဗူးဖြင့်သာ ရေးလောင်းပေးရမည်။ ','မြေဩဇာပေးရာ၌ နံနက်ပိုင်းတွင် မြေဩဇာကို ရေတွင်ဖျော်၍ ပတ်ဖျန်းပေးရပါသည်။ မှိုရောဂါများကျရောက်တတ်ပါသည်။ မှိုရောဂါကာကွယ်ဆေးများဖြစ်ကြသော (၁)ကိုဆိုဒ်(Kocide), (၂)လဘီလိုက်(Labilite), (၃)ရီဒိုမေးလ်(Ridomil), (၄)ဒါကိုနေးလ်(Daconil), (၅)ဘရာဗိုလ်(Brabo), (၆)မန်ကိုဇက်(Mancozeb), (၇)ကက်ပ်တန်း(Capton), (၈)အန်ထရာကိုး(Antracol)နှင့် (၉)ရိုဗရယ်(Rovral) များထဲမှ ဆေးနှစ်မျိုး အနည်းဆုံး တစ်လှည့်စီ ပက်ဖျန်းပေးရပါမည်။ အမြစ်ပုတ်ခြင်းများ ဖြစ်ပေါ်ပါက အမြစ်ဖြတ်တောက်ပေးရပါမည်။ အပင်၏ပန်းပွင့်ပြီးကာလနောက်ပိုင်းတွင် အပင်ရွှေ့ခြင်း၊ အိုးသစ်လဲခြင်းတို့ကို ဆောင်ရွက်သင့်ပါသည်။ မိုးတွင်းကာလ၌ မလုပ်ဆောင်သင့်ပေ။','','စိုက်ပျိုးသည့်ဒေသ','ရေမြေရာသီဥတု','စိုက်ပျိုးပြုစုနည်း','ဆေးဝါးအသုံးပြုပုံ',7,3.15,5600.00,5500.00,1,1,'2020-12-27 06:44:44','2020-12-27 06:44:44'),
	(23,5,'Vantry','V.Vantry','Vanda Vantry','VANDAS','၆ လသား','vantry','အရှေ့တောင်အာရှ','သစ်ခွများသည် မြေပေါက်သစ်ခွ၊ သစ်ပင်ကပ်ပေါက်သော သစ်ခွ၊ ကျောက်တောင်ကြားပေါက်သစ်ခွများဟူ၍ သဘာဝအလျောက် ပေါက်ရောက်ကြပါသည်။ အရှေ့တောင်အာရှနိုင်ငံများတွင် အများဆုံးစိုက်ပျိုးကြသည်။ မြန်မာနိုင်ငံအနှံ့အပြားတွင်လည်း စိုက်ပျိုးကြသည်။','သစ်သားခြင်းနှင့်သာ စိုက်ပျိုးပေးပါ။ မီးသွေးများ ထည့်ပေးနိုင်ပါသည်။ အလင်းရောင် ၈၅% ရရှိရန် လိုအပ်ပါသည်။ လေဝင်လေထွက်ကောင်းရမည်။ စိုထိုင်းဆရှိသော ပတ်ဝန်းကျင်အနေအထားတွင် ထားရှိသင့်သည်။ နေရောင်ရရှိသော အခြေအနေဖြစ်ရမည်။ ရေအမျိုးအစားကောင်းရမည်။ နေ့စဥ်ပုံမှန် ရေပန်းခရား၊ Spray ဗူးဖြင့်သာ ရေးလောင်းပေးရမည်။ ','မြေဩဇာပေးရာ၌ နံနက်ပိုင်းတွင် မြေဩဇာကို ရေတွင်ဖျော်၍ ပတ်ဖျန်းပေးရပါသည်။ မှိုရောဂါများကျရောက်တတ်ပါသည်။ မှိုရောဂါကာကွယ်ဆေးများဖြစ်ကြသော (၁)ကိုဆိုဒ်(Kocide), (၂)လဘီလိုက်(Labilite), (၃)ရီဒိုမေးလ်(Ridomil), (၄)ဒါကိုနေးလ်(Daconil), (၅)ဘရာဗိုလ်(Brabo), (၆)မန်ကိုဇက်(Mancozeb), (၇)ကက်ပ်တန်း(Capton), (၈)အန်ထရာကိုး(Antracol)နှင့် (၉)ရိုဗရယ်(Rovral) များထဲမှ ဆေးနှစ်မျိုး အနည်းဆုံး တစ်လှည့်စီ ပက်ဖျန်းပေးရပါမည်။ အမြစ်ပုတ်ခြင်းများ ဖြစ်ပေါ်ပါက အမြစ်ဖြတ်တောက်ပေးရပါမည်။ အပင်၏ပန်းပွင့်ပြီးကာလနောက်ပိုင်းတွင် အပင်ရွှေ့ခြင်း၊ အိုးသစ်လဲခြင်းတို့ကို ဆောင်ရွက်သင့်ပါသည်။ မိုးတွင်းကာလ၌ မလုပ်ဆောင်သင့်ပေ။','','စိုက်ပျိုးသည့်ဒေသ','ရေမြေရာသီဥတု','စိုက်ပျိုးပြုစုနည်း','ဆေးဝါးအသုံးပြုပုံ',10,3.15,5700.00,5500.00,1,1,'2020-12-27 06:44:44','2020-12-27 06:44:44'),
	(24,5,'DannyGerman','V.Mevr.L. Velthuis','Vanda Mevr.L. Velthuis','VANDAS','၆ လသား','dannygerman','အရှေ့တောင်အာရှ','သစ်ခွများသည် မြေပေါက်သစ်ခွ၊ သစ်ပင်ကပ်ပေါက်သော သစ်ခွ၊ ကျောက်တောင်ကြားပေါက်သစ်ခွများဟူ၍ သဘာဝအလျောက် ပေါက်ရောက်ကြပါသည်။ အရှေ့တောင်အာရှနိုင်ငံများတွင် အများဆုံးစိုက်ပျိုးကြသည်။ မြန်မာနိုင်ငံအနှံ့အပြားတွင်လည်း စိုက်ပျိုးကြသည်။','သစ်သားခြင်းနှင့်သာ စိုက်ပျိုးပေးပါ။ မီးသွေးများ ထည့်ပေးနိုင်ပါသည်။ အလင်းရောင် ၈၅% ရရှိရန် လိုအပ်ပါသည်။ လေဝင်လေထွက်ကောင်းရမည်။ စိုထိုင်းဆရှိသော ပတ်ဝန်းကျင်အနေအထားတွင် ထားရှိသင့်သည်။ နေရောင်ရရှိသော အခြေအနေဖြစ်ရမည်။ ရေအမျိုးအစားကောင်းရမည်။ နေ့စဥ်ပုံမှန် ရေပန်းခရား၊ Spray ဗူးဖြင့်သာ ရေးလောင်းပေးရမည်။ ','မြေဩဇာပေးရာ၌ နံနက်ပိုင်းတွင် မြေဩဇာကို ရေတွင်ဖျော်၍ ပတ်ဖျန်းပေးရပါသည်။ မှိုရောဂါများကျရောက်တတ်ပါသည်။ မှိုရောဂါကာကွယ်ဆေးများဖြစ်ကြသော (၁)ကိုဆိုဒ်(Kocide), (၂)လဘီလိုက်(Labilite), (၃)ရီဒိုမေးလ်(Ridomil), (၄)ဒါကိုနေးလ်(Daconil), (၅)ဘရာဗိုလ်(Brabo), (၆)မန်ကိုဇက်(Mancozeb), (၇)ကက်ပ်တန်း(Capton), (၈)အန်ထရာကိုး(Antracol)နှင့် (၉)ရိုဗရယ်(Rovral) များထဲမှ ဆေးနှစ်မျိုး အနည်းဆုံး တစ်လှည့်စီ ပက်ဖျန်းပေးရပါမည်။ အမြစ်ပုတ်ခြင်းများ ဖြစ်ပေါ်ပါက အမြစ်ဖြတ်တောက်ပေးရပါမည်။ အပင်၏ပန်းပွင့်ပြီးကာလနောက်ပိုင်းတွင် အပင်ရွှေ့ခြင်း၊ အိုးသစ်လဲခြင်းတို့ကို ဆောင်ရွက်သင့်ပါသည်။ မိုးတွင်းကာလ၌ မလုပ်ဆောင်သင့်ပေ။','','စိုက်ပျိုးသည့်ဒေသ','ရေမြေရာသီဥတု','စိုက်ပျိုးပြုစုနည်း','ဆေးဝါးအသုံးပြုပုံ',5,3.15,6600.00,6500.00,1,1,'2020-12-27 06:44:44','2020-12-27 06:44:44'),
	(25,6,'ရခိုင်သဇင်ဥ','Bulbophyllum','Bulbophyllum Auricomum','Rakhine','-','bulbo','Rakhine','မြန်မာနိုင်ငံအနှံ့အပြား စိုက်ပျိုးကြသည်။ အထူးသဖြင့် ရခိုင်၊ ပလက်ဝ၊ မြိတ်၊ ထားဝယ်၊ ပဲခူးရိုးမ၊ တနင်္သာရီတိုင်းနှင့် မွန်ပြည်နယ်တို့တွင် အများအပြားစိုက်ပျိးကြသည်။ ','သဇင်ကို တိုင်တွင် အုန်းဆံနှင့်ပတ်၍လည်းကောင်း၊ သစ်သားတန်းများကို အသုံးပြု၍လည်းကောင်း အမြောက်အမြား စိုက်ပျိုးလေ့ရှိကြသည်။ သဇင်ဥတက်ကိုု စိုက်ပျိုးချိန်မှာ မိုးဦးကျရာသီ ဖြစ်သည်။ ရေလှိုင်လှိုင်လောင်းပေးခြင်း၊ နေရောင်ခြည်ပြင်းပြင်းတိုက်ရိုက် မကျစေရန် အရိပ်ဖန်တီးပေးခြင်း၊ နေရောင်ခြည်ပြင်းပြင်းတိုက်ရိုက် မကျစေရန် အရိပ်ဖန်တီးပေးခြင်းဖြင့် အပွင့်ပွင့်စေရန် ကြို၍ စိုက်ပျိုးနိုင်သည်။','သဇင်ဥတွင် ယခင်နှစ်က ဥအဟောင်းနှင့် ယခုနှစ်အတွင်း ပန်းပွင့်သာဥသစ် တွဲလျက်ပါရှိတတ်ပါသည်။ ဥသစ်ကို ရွေး၍ စိုက်ပျိုးရပါမည်။ ဥသစ်မှာပါရှိသော အမြစ်ဟောင်းများကို အမွှေးအနည်းငယ်ချန်၍ တိအောင်ဖြတ်ရပါမည်။ ထို့နောက် စိုက်ပျိုးကာလ ပန်းပွင့်ကာလ ဥအသစ်အားကောင်းစေရန် အပင်အားဖြည့် Litosen (သို့မဟုတ်) Atonik 1 CC ကို ရေ 4000 CC နှင့် ရောစပ်၍ နာရီဝက်ခန့် စိမ်ပြီးလျှင် ထုတ်ယူ၍ သတင်းစာစက္ကူပေါ်တင်ပြီး အခြောက်ခံရပါမည်။ ထိုဥများကို သဇင်တိုင်တွင် ထိုးစိုက်ပါမည်။ စိုက်မည့်သဇင်တိုင်ကို ရေဝအောင်ဖျန်းပေးခြင်းနှင့် အုန်းဆံအစများကို ညှပ်ပေးထားရပါမည်။ ဥစိုက်ရန် သွားကြားထိုးတံ(သို့မဟုတ်) အုန်းလက်ရိုးတံများ စီစဥ်ထားသင့်သည်။ အုန်းဆံတိုင်ပေါ်တွင် ဥစိုက်ပျိုးပုံမှာ (၁)ဥ၏အမြစ်ပိုင်းသည် အုန်းဆံတိုင်ကို ထိကပ်ရန် လိုအပ်ပါသည်။ (၂)ဥ၏ကိုယ်ပိုင်းသည် အုန်းဆံတိုင်ကို စောင်း၍ ထိုးမည့်အတံဖြင့် ထိုးကပ်ရပါမည်။ (၃)စီတန်း၍ ညီညာစွာ ဥတစ်လုံးခြား(သို့မဟုတ်) လက်တစ်လုံးခြား စိုက်နိုင်ပါသည်။ စိုက်ပြီးမလိုအပ်သည့် ဥထိုးပြီး တိုင်အရှည်(သွားကြားထိုးတံ (သို့) အုန်းလက်တံ)ကို ကပ်ကြေးဖြင့် ဖြတ်တောက်ညှိယူနိုင်ပါသည်။ စိုက်ခါစ ဥကို ရေများများဖျန်းလျှင် ဥများ ပုတ်နိုင်ပြီး နေရောင်များသောနေရာတွင် ဥစိုက်ထားသောတိုင် ထားလျှင်လည်း သေကြေပျက်စီးနိုင်ပါသည်။ ပန်းပွင့်ကာလမှာ နိုဝင်ဘာလ၊ ဒီဇင်လာလနှင့် ဇန်နဝါရီလတို့ ဖြစ်သည်။ မိုးတွင်းကာလတွင် ဥဖွံ့ဖြိုးလာခြင်း၊ အရွက်ထွက်လာခြင်းများ ဆောင်ရွက်ပါသည်။ မိုးတွင်းကာလ အရွက်လျော၊ ဝါ၊ ပုတ်ခြင်းမှ ကာကွယ်ရန် မှိုသတ်ဆေး ပုံမှန်ဖျန်းပေးရပါမည်။ အုန်းဆံတိုင်ကိုလည်း ခြတက်တတ်သဖြင့် ပိုးသတ်ဆေးသုံးရန် လိုအပ်ပါသည်။ ပိုးသတ်ဆေးသည် လူကို အန္တရာယ်ရှိစေသည့်အတွက် ခြကြောက်သော ဆပ်ပြာမှုန့်ဖြူးခြင်း၊ အရက်ပျံ၊ ဟင်းရွက်ဆီ၊ ဆပ်ပြာအရော 10CC ကို ရေ 990CCနှင့် ရောစပ်၍ ပတ်ဖျန်းကာကွယ်နိုင်သည်။ ဆောင်းတွင်း အအေးကာလ နိုဝင်ဘာမှစ၍ ပန်းပွင့်သော မျိုးဖြစ်ခြင်း၊ အရွက်ကြွေပြီးမှ ပန်းခိုင်ထွက်ခြင်းကြောင့် အောက်တိုဘာလတွင် တစ်လကြို အရွက်ကြွေစေရန် စက်တင်ဘာ ဒုတိယအပတ်အကုန်မှစ၍ ရေဖြတ်ခြင်း ပြုလုပ်ပေးရပါမည်။ မိုးရွာလျှင် ပလက်စတစ်မိုးပေး၍ ကာကွယ်ခြင်း၊ GA3 ဖျန်း၍ အရွက်ခြွေစေခြင်း၊ မီးခိုးမှိုင်းတိုက်၍ အရွက်ကြွေစခြင်းများ ဆောင်ရွက်ပေးရပါမည်။ သဇင်ပန်းသည် တောတောင်သဘာဝ ဆောင်းတွင်းကာလ ပွင့်သောကြောင့် နှင်း၏အအေးဓာတ် ကြိုက်သောမျိုးဖြစ်ပါသည်။ ထို့ကြောင့် ပန်းခိုင် စထိုးရန် မိမိ၏သဇင်တိုင် အရွက်ကြွေပြီး နံနက်စောစော တစ်ကြိမ်ခန့် ရေခဲရည် ပက်ဖျန်းပေးခြင်းဖြင့် ပန်းခိုင်များထိုးရန် အထောက်အကူပေးနိုင်သည့် လက္ခဏာတွေ့ရှိရပါမည်။ ပန်းပွင့်ကုန်လျှင် ယခင်နှစ်ကဲ့သို့ ပြန်လည်စိုက်ပျိုးနိုင်သည်။','','စိုက်ပျိုးသည့်ဒေသ','ရေမြေရာသီဥတု','သဇင်ဥစိုက်ပျိုးစနစ်','ဆေးဝါးအသုံးပြုပုံ',7,3.15,6700.00,6500.00,1,1,'2020-12-27 06:44:44','2020-12-27 06:44:44'),
	(26,6,'ရခိုင်သဇင်ပန်း','Bulbophyllum','Bulbophyllum Auricomum','Rakhine','-','phyllum','Rakhine','မြန်မာနိုင်ငံအနှံ့အပြား စိုက်ပျိုးကြသည်။ အထူးသဖြင့် ရခိုင်၊ ပလက်ဝ၊ မြိတ်၊ ထားဝယ်၊ ပဲခူးရိုးမ၊ တနင်္သာရီတိုင်းနှင့် မွန်ပြည်နယ်တို့တွင် အများအပြားစိုက်ပျိးကြသည်။ အပူပိုင်း ဒေသတွင် ပေါက်ရောက်သည်။','သဇင်ကို တိုင်တွင် အုန်းဆံနှင့်ပတ်၍လည်းကောင်း၊ သစ်သားတန်းများကို အသုံးပြု၍လည်းကောင်း အမြောက်အမြား စိုက်ပျိုးလေ့ရှိကြသည်။ သဇင်ဥတက်ကိုု စိုက်ပျိုးချိန်မှာ မိုးဦးကျရာသီ ဖြစ်သည်။ ရေလှိုင်လှိုင်လောင်းပေးခြင်း၊ နေရောင်ခြည်ပြင်းပြင်းတိုက်ရိုက် မကျစေရန် အရိပ်ဖန်တီးပေးခြင်း၊ နေရောင်ခြည်ပြင်းပြင်းတိုက်ရိုက် မကျစေရန် အရိပ်ဖန်တီးပေးခြင်းဖြင့် အပွင့်ပွင့်စေရန် ကြို၍ စိုက်ပျိုးနိုင်သည်။','မိုးတွင်းကာလ အရွက်လျော၊ ဝါ၊ ပုတ်ခြင်းမှ ကာကွယ်ရန် မှိုသတ်ဆေး ပုံမှန်ဖျန်းပေးရပါမည်။ အုန်းဆံတိုင်ကိုလည်း ခြတက်တတ်သဖြင့် ပိုးသတ်ဆေးသုံးရန် လိုအပ်ပါသည်။ ပိုးသတ်ဆေးသည် လူကို အန္တရာယ်ရှိစေသည့်အတွက် ခြကြောက်သော ဆပ်ပြာမှုန့်ဖြူးခြင်း၊ အရက်ပျံ၊ ဟင်းရွက်ဆီ၊ ဆပ်ပြာအရော 10CC ကို ရေ 990CCနှင့် ရောစပ်၍ ပတ်ဖျန်းကာကွယ်နိုင်သည်။ ဆောင်းတွင်း အအေးကာလ နိုဝင်ဘာမှစ၍ ပန်းပွင့်သော မျိုးဖြစ်ခြင်း၊ အရွက်ကြွေပြီးမှ ပန်းခိုင်ထွက်ခြင်းကြောင့် အောက်တိုဘာလတွင် တစ်လကြို အရွက်ကြွေစေရန် စက်တင်ဘာ ဒုတိယအပတ်အကုန်မှစ၍ ရေဖြတ်ခြင်း ပြုလုပ်ပေးရပါမည်။ မိုးရွာလျှင် ပလက်စတစ်မိုးပေး၍ ကာကွယ်ခြင်း၊ GA3 ဖျန်း၍ အရွက်ခြွေစေခြင်း၊ မီးခိုးမှိုင်းတိုက်၍ အရွက်ကြွေစခြင်းများ ဆောင်ရွက်ပေးရပါမည်။ သဇင်ပန်းသည် တောတောင်သဘာဝ ဆောင်းတွင်းကာလ ပွင့်သောကြောင့် နှင်း၏အအေးဓာတ် ကြိုက်သောမျိုးဖြစ်ပါသည်။ ထို့ကြောင့် ပန်းခိုင် စထိုးရန် မိမိ၏သဇင်တိုင် အရွက်ကြွေပြီး နံနက်စောစော တစ်ကြိမ်ခန့် ရေခဲရည် ပက်ဖျန်းပေးခြင်းဖြင့် ပန်းခိုင်များထိုးရန် အထောက်အကူပေးနိုင်သည့် လက္ခဏာတွေ့ရှိရပါမည်။ ပန်းပွင့်ကုန်လျှင် ယခင်နှစ်ကဲ့သို့ ပြန်လည်စိုက်ပျိုးနိုင်သည်။','','စိုက်ပျိုးသည့်ဒေသ','ရေမြေရာသီဥတု','စိုက်ပျိုးပြုစုနည်း','ဆေးဝါးအသုံးပြုပုံ',10,3.15,8600.00,8500.00,1,1,'2020-12-27 06:44:44','2020-12-27 06:44:44'),
	(27,3,'မန်ကျည်းပင်','Tamarindus indica','Tamarindus indica Linn','	Fabaceae','၁ နှစ်သား','tamarin','အာဖရိကတိုက်အရှေ့ပိုင်း ပူအိုက်သော တိုင်းပြည်များ','မန်ကျည်းပင်သည် အမြဲစိမ်းလန်းသော သစ်ပင်ဖြစ်၍ မြန်မာနိုင်ငံ၌ အနှံ့အပြား စိုက်ပျိုးထားကြသည်။ မြန်မာနိုင်ငံ အထက်ပိုင်းတွင် မန်ကျည်းပင်ကို အကြီးအကျယ် စိုက်ပျိုးထားကြရာ၊ ထိုဒေသတွင် အများဆုံးတွေ့ရသည်။ လယ်ကွင်းများ၊ ခြံဥယျာဉ်များ၊ ကျွဲ နွား စားကျက်များ၌ မန်ကျည်းပင် ပေါက်စများကို အနှံ့အပြား တွေ့မြင်ရခြင်းအားဖြင့် အပင်ပေါက်လွယ်သည့် သစ်ပင်မျိုးဖြစ်ကြောင်း သိရသည်။','မည်သည့်မြေမျိုး၌မဆို ကြီးပွားဖြစ်ထွန်းသဖြင့် မန်ကျည်းပင်ကို မြန်မာနိုင်ငံ မြေညီပိုင်းတွင်နေရာတိုင်း၌ စိုက်ပျိုးနိုင်သည်။ ပူအိုက်သော ဒေသများတွင် အမျာအပြားစိုက်ပျိုးဖြစ်ထွန်းသည်။ အရွက်အခက်တို့ဖြင့် သိုက်မြိုက်ဝေဆာနေသဖြင့် အရိပ်အာဝါသ အလွန်ကောင်းသောကြောင့် ခြံဥယျာဉ်များနှင့် အထူးသဖြင့် လမ်းနံဘေးများ၌ တန်ဆာဆင်ရန် စိုက်ထားတတ်ကြသည်။ မိုးပါး၍ ခြောက်သွေ့သောဒေသများ၌ နွေအခါတွင် ရက်သတ္တပတ် အနည်းငယ်မျှ ပင်လုံးကျွတ် အရွက်ကြွေတတ်သည်။','အပင်ငယ်စဥ် ရေပုံမှန်လောင်းပေးရပြီး ပေါင်းသင်ပေးရပါမည်။ သဘာဝမြေဩဇာ ကျွေးပေးသင့်ပါသည်။','မြန်မာ ဆေးကျမ်းများ အလိုအရ မန်ကျည်းပင် သည် ပူ၏ ၊ချဉ်၏ ၊ သည်းခြေကို ဖြစ်စေ တတ်၏ ၊ သလိပ်ကို ပွားစေ ၏ ၊ လေကို နိုင်၏ ၊ အရွက်သည် ရောင်တင်း ခြင်း ၊ သွေးဖောက် ပြန်ခြင်း ၊ နားရောဂါ ၊ မျက်စိ ရောဂါ ၊ မြွေဆိပ် သင့်ခြင်း တို့ကို နိုင်၏ ။အသီးစိမ်း သည် ချဉ်၏ ၊ ချို၏ ၊ ပူ၏ ၊သည်းခြေနှင့် သလိပ်ကို ဖြစ်စေ၏ ။ အသီးမှည့်သည် ပူ၏ ၊ ဝမ်းမီး ကို တောက်စေ၏ ၊ အနည်းငယ် ဝမ်းသက်စေ၍ သလိပ်နှင့် လေကို နိုင်၏။ အခေါက်ကို ညောင်းကျ ရောဂါ ၊ ဆီးနှင့် စပ်လျဉ်းသော ရောဂါ ၊ သွေးမြင်း သရိုက် ရောဂါ ၊ ကိုယ်ရေ ဝါ ရောဂါ နှင့် ဝမ်းဗိုက်အောင့် နာကျင်ခြင်း ရောဂါများတွင် အသုံးပြုနိုင်ပါသည်။ အရွက်ရည်ကို နှမ်းဆီနှင့် ရောချက်၍ နားတွင် အနည်းငယ် ခတ်ပေးသော် နားကိုက် နားနာ ပျောက်ကင်းစေနိုင်ပါသည်။ မန်ကျည်းသီးအနှစ်အား ဝမ်းနုတ်ဆေး၊ အားဆေး နှင့် ခံတွင်းကောင်း ဆေးဖော်စပ်ရာတွင် သုံးနိုင်ပါသည်။ မန်ကျည်းစေ့ကို ရေ၌ တစ်ညစိမ်၍ နံနက်၌ အစေ့ဆံ ထုတ်ပြီး နွားနို့နှင့် ကြိတ်သောက်က မီးယပ်ဖြူ ဆင်း ခြင်း ၊ ဆီးလွန်ခြင်း ပျောက်ကင်းစေနိုင်ပါသည်။','စိုက်ပျိုးသည့်ဒေသ','ရေမြေရာသီဥတု','စိုက်ပျိုးပြုစုနည်း','ဆေးဝါးအသုံးပြုပုံ',10,3.15,4700.00,4500.00,1,1,'2020-12-27 06:44:44','2020-12-27 06:44:44'),
	(28,3,'တမာပင်','Margosa','Azadirachta indica A Juss','Meliaceae','၃ လသား','margosa','မြန်မာနိုင်ငံနှင့် အိန္ဒိယနိုင်ငံ','တမာပင်ကို မြန်မာနိုင်ငံနှင့် အိန္ဒိယနိုင်ငံတွင် အနှံ့အပြားစိုက်ပျိုးကြသည်။ မုံရွာမြို့၊ မန္တလေးမြို့ စသည့်မြန်မာပြည်အညာ​ဒေသတွင် အ​လေ့ကျ​ပေါက်သည်။ တမာပင်သည် သဘာဝအလျောက် ပေါက်ရောက်သည်။ အတော်အသင့်လျင်မြန်စွာ ကြီးပြင်းလာနိုင်သော အပင်မျိုးဖြစ်သည်။ မြန်မာနိုင်ငံတွင် တမာပင်ကို ဆေးဖက်ဝင်သဖြင့် စိုက်ပျိုးကြသည်။ ','တမာပင်သည် နုံးမြေကို ပိုမိုနှစ်သက်သော်လည်း၊ မည်သည့်မြေမျိုးတွင်မဆို ဖြစ်ထွန်းနိုင်သည်။ ရေငွေ့ကိုလည်း များများမလိုချေ။ ထိုကြောင့်မိုးခေါင်ရေရှားရပ်ဝန်း၌ လမ်းဘေးတွင် စိုက်ပျိုးရန် အသင့်တော်ဆုံးဖြစ်သည်။','တမာပင်ကို စိုက်ပျိုးရန်အကောင်းဆုံးနည်းမှာ ပျိုးခင်းတွင် မျိုးစေ့များကို ပျိုးပြီးလျှင်၊ ပေါက်လာသော အပင်ပေါက်ကလေးများကို အလိုရှိသောနေရာသို့ ရွေ့ပြောင်းစိုက်ပျိုးခြင်းဖြစ်သည်။ မိုးတွင်း၌ မှည့်လာသော မျိုးစေ့များ မြေပေါ်သို့ မကြွေကျမီ စိုက်ပျိုးသင့်သည်။ အဘယ်ကြောင့်ဆိုသော် မျိုးစေ့များသည် လျင်မြန်စွာ ပျက်စီးသွားတတ်ခြင်းကြောင့် ဖြစ်သည်။ မျိုးစေ့များကို ပျိုးသည့်အချိန်သည် မိုးရွာနိုင်သောအချိန်ဖြစ် လျှင်၊ ရေလောင်းပေးရန်မလိုချေ။ တမာပင်ကို လမ်းဘေးတွင် စိုက်ပျိုးလျှင် တစ်ပင်နှင့်တစ်ပင်ကို ပေ ၃ဝ စီ ခြားထားသင့်သည်။','အဖျားပြတ်ဆေးအဖြစ် အသုံးပြုသည်။  မြန်မာနိုင်ငံတွင် တမာပင်ကို ဆေးဖက်ဝင်သဖြင့် စိုက်ပျိုးကြသည်။ တမာသီး၊ တမာရွက် တမာဆီကို အင်းဆက်ပိုးသတ်ဆေးနှင့် အားကြွဆေးဖော်ရာ၌၎င်း၊ တမာပွင့်နှင့် တမာစေးကို အနာအကင်း သေစေသောဆေးနှင့် အစာကြေဆေးအဖြစ်လည်း အသုံးပြုကြသည်။ တမာရွက်ကို ကြိတ်၍အုံလျှင် ဝဲခြောက်နှင့် ပြည်တည်သော အဖုအပိမ့်တို့ ပျောက်ကင်းစေနိုင်သည်။ တမာစေးကို အားဆေး၊ အစာကြေဆေး ဖော်စပ်ရာတွင် ထည့်သွင်းအသုံးပြုသည်။ အသီးဆီကို ယားယံသော အနာများ ပျောက်ကင်းရန် လည်းကောင်း၊ သန်ချဆေးအဖြစ် လည်းကောင်း သုံးနိုင်သည်။ တမာခေါက်ကို သွေး၍ ဆားနှင့် သောက်သော် အဖျားပျောက်ကင်းစေနိုင်သည်။ တမာရွက်ပြုတ်၍ ရေချိုးက အယားအယံ ပျောက်ကင်းစေနိုင်သည်။ တမာရွက်ရည်ကို မျက်စိ၌ ခတ်ပေးခြင်းဖြင့် မျက်စိ ယားယံခြင်း၊ ပူခြင်း၊ မျက်ရည်ပူကျခြင်း ပျောက်ကင်းစေနိုင်သည်။ တမာရွက်ကို ကျွမ်းအောင်လှော်၊ အမှုန့်ပြုပြီး ဆားအနည်းငယ် ထည့်၍ နေ့စဉ် သွားတိုက်ပေးသော် သွားကိုက်သွားနာ ရောဂါကင်းဝေး၍ သွားများကို ဖြူဖွေးခိုင်မာစေသည်။ တမာသီးကို နေ့စဉ် စားပေးလျှင် ဆီးရောဂါ ပျောက်ကင်းစေသည်။ တမာအရိုးတံကို သွားကြား ထိုးတံအဖြစ် အသုံးပြုခြင်းဖြင့် သွားရောဂါ ကင်းစင်စေသည်။','စိုက်ပျိုးသည့်ဒေသ','ရေမြေရာသီဥတု','စိုက်ပျိုးပြုစုနည်း','ဆေးဝါးအသုံးပြုပုံ',5,3.15,3500.00,3000.00,1,1,'2020-12-27 06:44:44','2020-12-27 06:44:44'),
	(29,3,'ခရေပင်','Star-Flower','Mimusops elengi Roxb','Sapotaceae','၅ လသား','starflower','မြန်မာနိုင်ငံ','မြန်မာနိုင်ငံတွင် တနင်္သာရီတိုင်း နှင့် ဗန်းမော်ခရိုင်တို့၌ အလေ့ကျပေါက်တတ်၍၊ အခြားဒေသ များ၌လည်း စိုက်ပျိုးထားသည်ကို တွေ့ရသည်။ ခရေပင်သည် ပေ ၅ဝ ခန့်အထိ မြင့်နိုင်၍၊ အမြဲစိမ်းအရွက်များ ထူထပ်စွာ ရှိသဖြင့် အရိပ်ကောင်းကို ပေးနိုင်သည်။ ကြီးခဲသောအပင်မျိုး ဖြစ်သော်လည်း ရနံ့သင်းသောအပွင့်များနှင့် အရိပ်ကောင်းရ သည့်အတွက် ဥယျာဉ်ခြံမြေများတွင် စိုက်ပျိုးလေ့ရှိကြသည်။','မြေမရွေးစိုက်ပျိုးဖြစ်ထွန်းသည်။ အပူပိုင်းဒေသများတွင် အများအပြားစိုက်ပျိုးကြသည်။ ကျန်ဒေသများတွင်လည်း စိုက်ပျိုးနိုင်သည်။','အပင်ငယ်စဥ်တွင် ရေလောင်းခြင်းနှင့် ပေါင်းသင်ခြင်းကို ပုံမှန်လုပ်ဆောင်ပေးရန် လိုအပ်ပါသည်။ အပင်ကြီးပြင်းရန် ခက်ခဲသော်လည်း အပင်ငယ်စဥ်တွင် ဂရုစိုက်ပြုစုပေးပါက လျင်မြန်စွာ ကြီးပြင်းနိုင်ပါသည်။','မြန်မာ့ဆေးကျမ်းများအလိုအရ အခေါက်သည်ချို၏။ ခါး၏။ အေး၏။ နှလုံးကို အားရှိစေ၏။ ဝမ်းမီးကိုပွားစေ၏။ ရောဂါပိုးတို့ကို နိုင်၏။ သွားဖုံးရောဂါများ၌ အကျိုးပြု၏။ သည်းခြေဖောက်ပြန်ခြင်းကို ပျောက်ကင်းစေ၏။ အသီးသည် အူကို တွန့်ရှုံ့စေ၏။ နှုတ်ကိုမြိန်စေ၏။ သွားတို့ကို ခိုင်စေ၏။ ချုပ်၏။ သလိပ် သည်းခြေကိုနိုင်၏။ အစေ့သည် လှုပ်နေသော သွားတို့ကို ခိုင်စေ၏။ ရှူသော် ခေါင်းကိုက်ခြင်းကို ပျောက်ကင်းစေ၏။ အပွင့် ၁။ခရေပွင့်ကို တစ်ညလုံးရေစိမ်၍ နံနက်တွင်ထို စိမ်ရည်ကိုစစ်ပြီး ကလေးအားတိုက်လျှင်ချောင်းဆိုးရောဂါပျောက်၏။ ၂။ခရေပွင့်အစိုကို မီးယပ်ဖြူရောဂါနှင့် သွားရောဂါ အတွက် အသုံးပြု၏။ ၃။ခရေပွင့်အခြောက်ကို သနပ်ခါးဖြင့် ရောသွေးလိမ်းက အပူကြောင့်ဖြစ်သောမိတ်နာ၊ ယားနာများ အမြန်ပျောက်ကင်း၏။ အခေါက် ၁။အခေါက်ပြုတ်ရည်ကို သောက်ခြင်းဖြင့် လည်းကောင်း၊ အပွင့်ကိုရှူခြင်းဖြင့်လည်းကောင်း၊ အသီးကိုစားခြင်းဖြင့်လည်းကောင်း နှလုံးရောဂါကို ပျောက်စေ၏။ ၂။ခရေခေါက်၊ဆီးဖြူခေါက်၊ရှားခေါက် ၃ မျိုးပြုတ်၍ငုံပေးခြင်းဖြင့် ပါးစပ်၌ မက်ခရုပေါက်ခြင်း၊ သွားဖုံး ရောင်ခြင်း၊ ပါးစပ်၌အပူလောင်ခြင်း၊ ရေစီးကမ်းပြို ဖြစ်ခြင်းစသော ခံတွင်းနာအားလုံး ပျောက်ကင်း စေသည်။ ၃။အခေါက်ကိုပြုတ်၍ ဖန်ဆေးရည်အဖြစ် အသုံးပြုနိုင်သည်။ အစေ့ ၁။အဆက်မပြတ်သွားသော ဝမ်းရောဂါအတွက် အစေ့ကို ရေအေးနှင့် သွေးသောက်ခြင်း၊ ခရေသီးအမှည့်၏ အသားကိုစားပေးခြင်းဖြင့် ပျောက်ကင်း စေနိုင်သည်။','စိုက်ပျိုးသည့်ဒေသ','ရေမြေရာသီဥတု','စိုက်ပျိုးပြုစုနည်း','ဆေးဝါးအသုံးပြုပုံ',15,3.15,4700.00,4500.00,1,1,'2020-12-27 06:44:45','2020-12-27 06:44:45'),
	(30,3,'မယ်ဇလီပင်','Senna siamea','ကက်စီယာဆိုင်းရမ်းမီး','Legumino species','၃ လသား','bombay','အရှေ့တောင်အာရှဒေသများ','မြန်မာနိုင်ငံတွင် အများအပြားစိုက်ပျိုးကြသည်။ မယ်ဇလီပင်သည် ဆယ့်နှစ်ရာသီစိမ်းလန်းသော သစ်ပင်ဖြစ်၍ အထက်အောက်မြန်မာနိုင်ငံရှိ သစ်တောများ၌ ပေါက်သည်။','မြေမရွေး စိုက်ပျိုးဖြစ်ထွန်းသည်။ မယ်ဇလီပင်ကို စိုထိုင်းသောမြေမျိုး၌ စိုက်လျှင် ကောင်းစွာဖြစ်ထွန်း၍၊ မြေစေးမြေ၌ စိုက်လျှင် အပင်ကြီးသင့်သလောက်မကြီးဘဲ၊ လှီ၍ နေတတ်သည်။','အပင်ငယ်စဥ်၌သာ ဂရုတစိုက် ပြုစုပေးရန် လိုအပ်ပါသည်။ အပင်ငယ်စဥ်တွင်သာ ပေါင်းသင်ခြင်း၊ မြေဆွပေးခြင်း၊ ရေလောင်းပေးခြင်းများ ပြုလုပ်ပေးရန် လိုအပ်ပါသည်။','ပွေး ကဲ့သို့ ယားယံသည့် အကွက်အနာများကို ထိုအပင်၏ အရွက်တို့ဖြင့် ပွတ်တိုက်ပေးလျှင် အနာပျောက်ကင်းနိုင်သည်။ အပွင့်များကို ဝမ်းနုတ်ဆေးအဖြစ်ဖြင့်လည်း အသုံးပြုနိုင်သည်။ အရွက်နုကလေးများနှင့် အဖူးများကို ချက်ပြုတ်စားလေ့ရှိကြ သည်။ တန်တောင်မုန်း လပြည့်နေ့၌မယ်ဇလီဖူးလက်သုပ် စားခြင်းသည် မြန်မာ့ရိုးရာအရ ဆေးဖက်ဝင်သည်ဟု ဆိုသည်။ ','စိုက်ပျိုးသည့်ဒေသ','ရေမြေရာသီဥတု','စိုက်ပျိုးပြုစုနည်း','ဆေးဝါးအသုံးပြုပုံ',0,3.15,3700.00,3500.00,1,1,'2020-12-27 06:44:45','2020-12-27 06:44:45'),
	(31,4,'ဩဇာပင်','Custard-Apple','Annona squamosa','Annonaceae','','custard','အမေရိကတိုက်အလယ်ပိုင်းနှင့် အနောက်အိန္ဒိယကျွန်းစု','မြန်မာနိုင်ငံအနှံ့အပြားတွင် စိုက်ပျိုးဖြစ်ထွန်းသည်။ ပြည်ခရိုင်တွင် ဩဇာပင်ကို စီးပွားရေးလုပ်ငန်းတရပ် အနေဖြင့် ကြီးကြီးကျယ်ကျယ်စိုက်ပျိုးလုပ်ကိုင်ကြသည်။ မေမြို့ အနီးရှိ အနီးစခန်း၊ ကရင်ပြည်နယ်အတွင်းရှိ သံတောင်တို့၌ လည်း ဩဇာပင်များ ကောင်းစွာဖြစ်ထွန်းသည်။ ပြည်ခရိုင် အတွင်း ဧရာဝတီမြစ်ရိုးတစ်လျှောက်ရှိ တောင်ကုန်းတောင်စွယ် များ၏ အရှေ့ဘက်တောင်စောင်းတစ်လျှောက်တွင် ဩဇာခြံများ ကို အစီအရီတွေ့ကြရသည်','မြန်မာနိုင်ငံတွင် တစ်နှစ်လျှင် မိုးရေချိန် လက်မ ၆ဝ မှ ၇ဝ အတွင်းရှိ၍ ရေဆင်းကောင်းပြီးလျှင် သဲဆန်သောဂဝံကျောက်မြေမျိုးတွင် ပေ ၃ဝဝဝ အထိမြင့်သောဒေသများအထိ ပေါက်ရောက် ဖြစ်ထွန်းသည်။','မြေမရွေး စိုက်ပျိုးဖြစ်ထွန်းသည်။ အပင်ငယ်စဥ်၌သာ ပေါင်းသင်ခြင်း၊ မြေဆွပေးခြင်းနှင့် ရေလောင်းပေးခြင်းများ ပြုလုပ်ပေးရန်လိုအပ်ပါသည်။ ဩဇာပင်တို့သည် နှစ်စဉ် တပေါင်းလရောက်လျှင်အရွက် များကြွေ၍ ရိုးတံကျဲကျဲဖြင့် ရှိနေတတ်သော်လည်း တန်ခူးလ ရောက်သည်နှင့် အစို့အကိုက်၊ အညွန့်အဖူးကလေးများ ထွက် ပြူစပြုလာပြီးလျှင် မကြာမီပြန်လည်၍ စိမ်းလန်းစိုပြည်လာ သည်။ ကဆုန်၊ နယုန်၌ အပွင့်များပွင့်၍ ဝါဆိုလတွင် သီးကင်းကလေးများ ထွက်သည်။ တော်သလင်းလ၊ သီတင်းကျွတ် လများတွင် ဩဇာသီးများလှိုင်လေသည်။ ဩဇာသီးသည်အမှည့် မြန်သော အသီးမျိုးဖြစ်၍ အပင်တွင် အက်ကွဲလာသည်အထိ မထားရချေ။',' အရွက်ကို သန်ချဆေးနှင့် အနာအုံဆေးအဖြစ် အသုံးပြုရသည်ဟုဆိုလေသည်။ အိန္ဒိယဆေးကျမ်းများအလိုအရ ဝမ်းသက်ရောဂါ၊ ဝမ်း ကိုက်ရောဂါနှင့် သန်ချဆေးအတွက် အသီးစိမ်းအခြောက်သည် ဆေးဖက်ဝင်သည်ဟု ဆိုလေသည်၊၊ အိန္ဒိယဆေးကျမ်းများအဆိုမှာမူ ဩဇာသီးသည် အဖျားကျဆေးအဖြစ် အသုံးဝင်သည့်အပြင် နာလန်ထများအတွက် အကျိုးများလှသည်ဟု ဆိုသည်။ မြန်မာဆေးကျမ်းများ အလိုအရ ဩဇာသီးသည် အေးသည်။ သွေးအားကို တိုးပွားစေသည်။ နှလုံးကို အကျိုးပြု၏။ ပူလောင်ခြင်း၊ လေပူရောဂါ နှင့် သွေးအန်ရောဂါ များအတွက် ပယ်ဖျောက်နိုင်၏။ သန်ကျစေသည်။ တုတ်ကောင်ကြီးများလည်း ကျစေသည်။ အရွက်ကို ကြိတ်၍ စားခြင်းဖြင့် ပျောက်ကင်းစေသည်။ ကြိတ်၍ အုံကပ်ပေးပါက အကြောငုပ်ခြင်း၊ တက်ခြင်းများပျောက်၏။ အရွက်ကို ချေ၍ ရှူပေးသော် အမူးအမော် နှင့် ထိပ်ကပ်နာပျောက်၏။ အသီးစိမ်း သည် ချုပ်သော သတ္တိ ရှိသဖြင့် ဝမ်းသွား ခြင်း ၊ ဝမ်းသက်ခြင်း များ အတွက် ကောင်း၏ ။ ဝမ်းကိုက်ရောဂါ ၊ လေနာရောဂါ နှင့် အစာအိမ် မကောင်းခြင်း တို့ကိုလည်း ပျောက်ကင်းစေသည်။','စိုက်ပျိုးသည့်ဒေသ','ရေမြေရာသီဥတု','စိုက်ပျိုးပြုစုနည်း','ဆေးဝါးအသုံးပြုပုံ',10,3.15,4700.00,4500.00,1,1,'2020-12-27 06:44:45','2020-12-27 06:44:45'),
	(32,4,'သလဲပင်','Pomegranate','Punica granatum','Punicaceae','၁ နှစ်သား','pome','အီရန်နိုင်ငံ','မြန်မာနိုင်ငံအနှံ့အပြားတွင် စိုက်ပျိုးဖြစ်ထွန်းပါသည်။ သလဲသီးပင်သည် ရေငတ်ဒဏ်ကို ကောင်းစွာခံနိုင်ပြီး အအေးဒဏ်ကိုလည်း အတော်ခံနိုင်သည်။','မြေမရွေး စိုက်ပျိုးနိုင်ပြီး နုန်းဆန်သောမြေတွင် ပိုမို ထွက်ရှိနိုင်သည်။ သလဲပင်သည် မိုးခေါင်ရေရှားမှုဒဏ်ကို ခံနိုင်ရည်ရှိပြီး မြေထဲပင်လယ်ဆေင်းရာသီမိုးရွာသွန်းမှု နှင့် နွေရာသီမိုးရာသွန်းမှုအခြေအနေတို့တွင်လည် စိုက်ပျိုးနိုင်သည်။ သလဲပင်သည် နှင်းခါးရိုတ်ဒဏ်ကို အသင့်အတင့်ခံနုင်ရည်၍ -၁၂ ဒီဂရီစင်တီဂရိတ်(၁၀ဒီဂရီဖာရင်ဟိုက်)တွင်လည်း စိုက်ပျိုးနိုင်သည်။','နွေရာသီတွင် အပင်ငယ်များကို ရေမကြာ မကြာ လောင်းပေးရသည်။ မိုးဦးကျတွင် တစ်ကြိမ်နှစ်ကြိမ် မြေဆွေးကောင်းကောင်း ဖလှယ်၍ ထည့်ပေးရသည်။ လေးနှစ်သားမှစ၍ အသီးကောင်းစွာ သီးသည်။ ဒီဇင်ဘာ ၊ ဇန်နဝါရီတွင် တစ်ခါ ၊ စက်တင်ဘာလတွင် တစ်ခါ ၊ အသီးများဆွတ်ခူးနိုင်သည်။       စက်တင်ဘာ အသီးသည် ပိုမိုကောင်းပြီး ဈေးလည်းပိုကောင်းသည်။ မှည့်မှခူးသော အသီးကို ရက်သတ္တပတ် အနည်းငယ်သာ ထားနိုင်ပြီး မမှည့်မီ ခူးသော အသီးများကို ခြောက်သွေ့၍ အေးသော အခန်းတွင် ခြောက်လခန့် သိုလှောင်ထားနိုင်သည်။','သလဲသီးကို Smoothieဖျော်ရည်အနေဖြင့် အသုံးပြုကြပြီး ပေါင်မုန့်ဖုတ်ခြင်း၊ ချက်ပြုတ်ခြင်း၊ ဖျော်ရည်ရောစပ်ခြင်း၊ ယမကာဖျော်ရည်အနေဖြင့် ကော့တေး၊ ဝိုင်တို့တွင် အသုံးပြုကြသည်။ သလဲသီးအရည်သည် ကင်ဆာပြန့်နှံ့မှုကို တားဆီးနိုင်ကြောင်း တွေ့ရပါသည်။ အကျိုးကျေးဇူးများအနေဖြင့် နှလုံးရောဂါကို ကာကွယ်ပေးခြင်း၊ သွေးဖိအားကို လျှော့ချပေးခြင်၊ အဆစ်ရောင်ရောဂါကို ပျောက်ကင်းစေခြင်း၊ သွေးအားနည်းရောဂါကို ကုသပေးနိုင်ခြင်း၊ ကင်ဆာရောဂါကို ကာကွယ်ပေးနိုင်ခြင်း၊ မှတ်ဉာဏ်ကို တိုးတက်စေနိုင်ခြင်း၊ အရေအပြားကို ချောမွတ်လှပစေခြင်း၊ ခံတွင်းအနံဆိုးကို ပျောက်စေနိုင်ခြင်းနှင့် သန္ဓေသားကို ကျန်းမာစေခြင်းတို့ ဖြစ်ပါသည်။','စိုက်ပျိုးသည့်ဒေသ','ရေမြေရာသီဥတု','စိုက်ပျိုးပြုစုနည်း','ဆေးဝါးအသုံးပြုပုံ',5,3.15,6700.00,6500.00,1,1,'2020-12-27 06:44:45','2020-12-27 06:44:45'),
	(33,4,'စိန်တလုံးသရက်ပင်','Mango(Sein Ta Lone)','Mangifera indica','Anacardiaceae','၇ လသား','mango','အိန္ဒိယနိုင်ငံအရှေ့ပိုင်းဒေသများ၊ အာသံပြည်နယ်နှင့် မြန်မာနိုင်ငံ','သရက်ပင်သည် ပင်လယ်ရေပြင်မှ အမြင့်ပေ ၃ဝဝဝ အထိရှိသော အရပ်ဒေသများတိုင်အောင် ပေါက်ရောက် နိုင်လေသည်။ ထိုအပင်သည် ပူအိုက်သော ရာသီဥတုကို နှစ်သက်ပြီးလျှင် စမ်းမဆွဲ၊ ရေမဝပ်သော အရပ်ဒေသများ၌ ဖြစ်ထွန်းသည်။ မြန်မာနိုင်ငံတွင် အထက်ပိုင်း၌ နုံးမြေဆန်သော မြစ်ငယ်နှင့် ကျောက်ဆည်နယ်တို့တွင်၎င်း၊ အောက်ပိုင်းတွင် ဂဝံ ကျောက်မြေဆံသော အရပ်ဒေသများ၌၎င်း ပေါက်ရောက် ဖြစ်ထွန်းလေသည်။  သရက်ပင်တို့သည် အပင်သက် ရှည်ကြာကြ၍ အကိုင်းအခက် ဝေဖြာစွာ ထွက်ပြီးလျှင် အရိပ်ကောင်းသော အပင်များအဖြစ် အပူပိုင်းဒေသများ၌ ထင်ရှားလေသည်။','မြေမရွေး စိုက်ပျိုးနိုင်သည်။ အပူပိုင်းဒေသများတွင် ပိုမိုဖြစ်ထွန်း၍ ကျန်ဒေသများတွင်လည်း စိုက်ပျိုးနိုင်ပါသည်။ ','အပင်သက်တမ်း ၃နှစ်ထိ ပေါင်းသင်ခြင်း၊ မြေဆွခြင်းနှင့် ရေလောင်းခြင်းများ ပုံမှန် ဂရုတစိုက် ပြုလုပ်ပေးရန် လိုအပ်ပါသည်။ ဒီဇင်ဘာလအလယ်မှ ဖေဖော်ဝါရီလကုန်အထိ သရက်ဖူးများ ပွင့်ကြသည်။ မတ်လလောက်တွင် တို့စားနိုင်သော အရွယ်သရက်သီး အကင်းများရရှိသည်။ ဧပြီလကုန် မေလဆန်းမှစ၍ သရက်သီးများ မှည့်ဝင်းလာကြသည်။ သရက်သီးမှည့်များကို ဧပြီလမှ ဇွန်လတိုင်အောင် စားကြရသည်။ ','အိန္ဒိယဆေးကျမ်းများ အလိုမှာ သရက်သီးမှည့်သည် အားကိုဖြစ်စေ၏။ စိတ်ချောက်ခြားခြင်း၊ အစာမကြေခြင်း၊ ဝမ်းချုပ်ခြင်းတို့အတွက်အသုံးပြုနိုင်သည်။ မမှည့်သေးသော အသီးကို မီးဖုတ်၍အသားကို ယူပြီးလျှင် သကြားနှင့်ဖျော်ထားသော ယမကာကို ပုလိပ်ရောဂါ၊ ဝမ်းရောဂါများဖြစ်သည့်အခါ သုံးဆောင်ရသည်။ ထိုပြင်တစ်ကိုယ်လုံးလိမ်းကျံထားလျှင် ထိုရောဂါများကိုကာကွယ်နိုင်သည်ဟုဆိုသည်။ အသီးမှသော်၎င်း၊ အခွံမှသော်လည်းကောင်း ထုတ်ယူသောအရည်သည် ဆုံစို့နာစသော ရောဂါဆိုးများတွင် ချုပ်ဆေးအဖြစ်အသုံး ပြုနိုင်သည်။အချို့အရပ်ဒေသတွင် ထိုအရည် ကို သွေးလွန်သည့်အခါ လိမ်းကျံပေးကြလေသည်။','စိုက်ပျိုးသည့်ဒေသ','ရေမြေရာသီဥတု','စိုက်ပျိုးပြုစုနည်း','ဆေးဝါးအသုံးပြုပုံ',7,3.15,6700.00,6500.00,1,1,'2020-12-27 06:44:45','2020-12-27 06:44:45'),
	(34,4,'အုန်းပင်','Coconut','Coco nucifera','Arecaceae','၁ နှစ်သား','coconut','အိန္ဒိယသမုဒ္ဒရာနှင့် ပစိဖိတ်သမုဒ္ဒရာအတွင်းရှိ ကျွန်းစုများ','အုန်းပင်သည် မူလပေါက်ရောက်ရာ ဒေသများမှ တစ်ဆင့် တစ်ဆင့် ပျံ့နှံ့ပေါက်ရောက်ခဲ့ရာ ယခုအခါ ကမ္ဘာ့အပူပိုင်းဒေသ များတွင်သာမက အပူလျော့ပိုင်းဒေသများ၌လည်း အတော် အသင့် တွေ့ရသည်။ ထိုအပင်များသည် ပူအိုက်စိုစွတ်သော ရာသီဥတုရှိသည့် ပင်လယ်ကမ်းရိုးတမ်းတစ်လျှောက်နှင့် မြစ်ချောင်းကမ်းပါးတို့၌ ပိုမိုဖြစ်ထွန်းသည်။ မြန်မာနိုင်ငံအနှံ့အပြားတွင် စိုက်ပျိုးကြပါသည်။','အကောင်းဆုံးမြေသည် သဲ သို့မဟုတ် မြေဆီမြှုံးများ အသင့်အတင့် ရောစပ်ပါဝင်သည့် နုန်းမြေမျိုးဖြစ်သည်။ ထိုမြေမျိုးသည် ရေအိုင်ခြင်း ရေဝပ်ခြင်း မရှိ၍ အုန်းပင်အများဆုံး စိုက်ပျိုးဖြစ်ထွန်းနိုင်သည်။ ထို့ပြင် သဲ၊ မြေစေး၊ သစ်ဆွေးမြေများ ရောစပ်ပါဝင်သော နုန်းစနယ် မြေနီမျိုးတွင်လည်း အုန်းခြံများစိုက်ပျိုးလုပ်ကိုင်ရန် သင့်လျော် သည်။ အုန်းပင်သည် တစ်နှစ်ပတ်လုံး အမြစ်ကို ရေထိနေနိုင် မှသာ ပေါက်ရောက်ဖြစ်ထွန်းသည်။ မိုးရေကောင်းစွာမရရှိသော ဒေသများတွင် ဆည်မြောင်းများဖြင့်ရေသွင်း၍ မြေအစိုဓာတ် ရရှိပြီးသည့်နောက်တွင် ရေဝပ်ခြင်း၊ ရေအိုင်ခြင်းမရှိစေရန် ရေ ထုတ်မြောင်းများ ဖောက်လုပ်စိုက်ပျိုးက ဖြစ်ထွန်းနိုင်သည်။ မြစ်နုကျွန်းမြေ၊ နုန်းမြေအမျိုး အစားကို နှစ်သက်သည်။ ပင်လယ်ကမ်းရိုးတန်းတစ်လျှောက်၌ အုန်းပင်များဖြစ်ထွန်းခြင်းသည် ပင်လယ်ဆားငန်ရည်ကြောင့်ဟု အချို့ကယူဆသည်။ စင်စစ် ထိုဒေသများ၌ အုန်းပင်များ အသီး ကောင်းခြင်းသည် ပင်လယ်ဆားငန်ရည်ကြောင့်မဟုတ်ဘဲ၊ ရေခိုး ရေငွေ့များ⁠များပါသော ပင်လယ်လေရရှိခြင်းကြောင့် ဖြစ်ထွန်းသည်။ ရေသွင်းစိုက်ပျိုးပါက ကုန်းခေါင်⁠ခေါင်အရပ်၌ပင် အုန်းပင်များ ပေါက်ရောက်နိုင်သော်လည်း အသီးထွက်တွင်မူမကောင်းလှချေ။ ','အုန်းပင်သည် ယေဘုယျအားဖြင့် ခြောက်နှစ်ခုနစ်နှစ် သားခန့်တွင် အသီးစ၍သီးသည်။ သို့သော် အသီးကောင်း ကောင်း သီးသည်အရွယ်မှာ ၁၅ နှစ်သားခန့်တွင်ဖြစ်သည်။ အပင်သက်သည် နှစ် ၇ဝ မှ ၈ဝ တိုင်အောင် ရှည်ပြီးလျှင် နှစ်စဉ်တစ်ပင်လျှင် ပျမ်းမျှအသီး ၅ဝ မှ ၆ဝ အထိ သီးလေ့ရှိသည်။ အုန်းပင်သည် ရာသီဥတု၏ဒဏ်ကိုခံနိုင်ရည်ရှိ၍ အခြား အပင်များကဲ့သို့ ကရိကထခံပြီးလျှင် အစဉ်တစိုက် ပြုစုစိုက်ပျိုး နေရသော အပင်မျိုးမဟုတ်ချေ။','အုန်းသီးသည် လူတွေအတွက်အလွန်အကျိုးပြုပါသည် သွေးတွင်းသကြားဓတ်အားထိန်းသိမ်းပေးခြင်း၊ ကိုလက်စရော အားလျှော့ချပေးနိုင်သောအစွမ်းရှိခြင်း၊ ရေဓတ်ထိန်းသိမ်းပေးခြင်းနှင့်။အရေးပေါ်သွေးရေကြည်သွင်းဖို့လိုအပ်နေသူများတောင်မှအုန်းရည်ဖြစအစားသွင်းကုသနိုင်ပါသည်။ သင်္ဂဟကျမ်းအရ အုန်းသီး(အုန်းသီးဆန်) သည် အေး၏။ ကြေခဲ၏။ ဆီးကိုရွှင်စေတတ်၏။ ဝမ်းချုပ်၏။ ဝစေတတ်၏။ အားကိုဖြစ်စေတတ်၏။ လေနာ၊ ရတ္တပိတ်နာ၊ ကိုယ်ပူနာတို့ကို နိုင်၏။ နှလုံးကို နှစ်သက်စေတတ်၏။ အုန်းသီးနုသည် သည်း ခြေဖျား၊ ဆီး၌ဖြစ်သော အပြစ်ဒေါသ၊ ရေငတ်ခြင်း၊ အော့အန် ခြင်း၊ ကိုယ်ပူခြင်းတို့ကို လျင်မြန်စွာဖျောက်နိုင်၏။ သွေး၊ သည်းခြေတို့ကြောင့် ဖြစ်သောအနာကို နိုင်၏။ အုန်းသီးရင့်ကဲ့သို့ ကြေခဲသည်မဟုတ်။ အုန်း သီးမှည့်၊ အုန်းသီးခြောက်သည် ကြေခဲ၏။ သည်းခြေကို ပျက် စေတတ်၏။ ပူ၏။ ဝမ်းချုပ်၏။ အုန်းသီးသည် ချိုဆိမ့်၏။ အေး၏။ အကြောတို့ကို လေးစေ၏။ ဝမ်းမီးချက်ပြီးနောက် ချိုဆိမ့်၏။ လေ၊ သည်းခြေတို့ကိုနိုင်၏။ ကျင်ကြီး ကျင်ငယ် တို့ကို ရွှင်စေတတ်၏ဟု ဆိုလေသည်။','စိုက်ပျိုးသည့်ဒေသ','ရေမြေရာသီဥတု','စိုက်ပျိုးပြုစုနည်း','ဆေးဝါးအသုံးပြုပုံ',10,3.15,5700.00,5500.00,1,1,'2020-12-27 06:44:45','2020-12-27 06:44:45');

/*!40000 ALTER TABLE `seedlings` ENABLE KEYS */;
UNLOCK TABLES;


# Dump of table types
# ------------------------------------------------------------

DROP TABLE IF EXISTS `types`;

CREATE TABLE `types` (
  `id` bigint(20) unsigned NOT NULL AUTO_INCREMENT,
  `name` varchar(45) COLLATE utf8mb4_unicode_ci NOT NULL,
  `slug` varchar(191) COLLATE utf8mb4_unicode_ci NOT NULL,
  `created_at` timestamp NULL DEFAULT NULL,
  `updated_at` timestamp NULL DEFAULT NULL,
  PRIMARY KEY (`id`)
) ENGINE=InnoDB DEFAULT CHARSET=utf8mb4 COLLATE=utf8mb4_unicode_ci;

LOCK TABLES `types` WRITE;
/*!40000 ALTER TABLE `types` DISABLE KEYS */;

INSERT INTO `types` (`id`, `name`, `slug`, `created_at`, `updated_at`)
VALUES
	(1,'သက်တမ်းတိုပန်းပင်','short','2020-12-27 06:44:42','2020-12-27 06:44:42'),
	(2,'သက်တမ်းရှည်ပန်းပင်','long','2020-12-27 06:44:42','2020-12-27 06:44:42'),
	(3,'အရိပ်ရပင်','tree','2020-12-27 06:44:42','2020-12-27 06:44:42'),
	(4,'သီးပင်စားပင်','fruit','2020-12-27 06:44:42','2020-12-27 06:44:42'),
	(5,'သစ်ခွ','orchid','2020-12-27 06:44:42','2020-12-27 06:44:42'),
	(6,'သဇင်','thazin','2020-12-27 06:44:42','2020-12-27 06:44:42');

/*!40000 ALTER TABLE `types` ENABLE KEYS */;
UNLOCK TABLES;


# Dump of table users
# ------------------------------------------------------------

DROP TABLE IF EXISTS `users`;

CREATE TABLE `users` (
  `id` bigint(20) unsigned NOT NULL AUTO_INCREMENT,
  `first_name` varchar(191) COLLATE utf8mb4_unicode_ci NOT NULL,
  `last_name` varchar(191) COLLATE utf8mb4_unicode_ci NOT NULL,
  `mobile` varchar(191) COLLATE utf8mb4_unicode_ci NOT NULL,
  `email` varchar(191) COLLATE utf8mb4_unicode_ci NOT NULL,
  `email_verified_at` timestamp NULL DEFAULT NULL,
  `password` varchar(191) COLLATE utf8mb4_unicode_ci NOT NULL,
  `address` varchar(255) COLLATE utf8mb4_unicode_ci DEFAULT NULL,
  `city` varchar(191) COLLATE utf8mb4_unicode_ci DEFAULT NULL,
  `country` varchar(191) COLLATE utf8mb4_unicode_ci DEFAULT NULL,
  `remember_token` varchar(100) COLLATE utf8mb4_unicode_ci DEFAULT NULL,
  `created_at` timestamp NULL DEFAULT NULL,
  `updated_at` timestamp NULL DEFAULT NULL,
  PRIMARY KEY (`id`),
  UNIQUE KEY `users_email_unique` (`email`)
) ENGINE=InnoDB DEFAULT CHARSET=utf8mb4 COLLATE=utf8mb4_unicode_ci;

LOCK TABLES `users` WRITE;
/*!40000 ALTER TABLE `users` DISABLE KEYS */;

INSERT INTO `users` (`id`, `first_name`, `last_name`, `mobile`, `email`, `email_verified_at`, `password`, `address`, `city`, `country`, `remember_token`, `created_at`, `updated_at`)
VALUES
	(1,'Moe','Pa Pa','09751360622','user1@gmail.com',NULL,'$2y$10$ztN4NMk2Mc81T/.tzDAvr.YodxIpLIb8rPKGHsmaFyz6x0M.FxGJ.','Mandalay','Kyaukse','Myanmar',NULL,'2020-12-27 06:44:41','2020-12-27 06:44:41');

/*!40000 ALTER TABLE `users` ENABLE KEYS */;
UNLOCK TABLES;



/*!40111 SET SQL_NOTES=@OLD_SQL_NOTES */;
/*!40101 SET SQL_MODE=@OLD_SQL_MODE */;
/*!40014 SET FOREIGN_KEY_CHECKS=@OLD_FOREIGN_KEY_CHECKS */;
/*!40101 SET CHARACTER_SET_CLIENT=@OLD_CHARACTER_SET_CLIENT */;
/*!40101 SET CHARACTER_SET_RESULTS=@OLD_CHARACTER_SET_RESULTS */;
/*!40101 SET COLLATION_CONNECTION=@OLD_COLLATION_CONNECTION */;
